REPORTING UNIT,FARM NAME,Tag Number,Replaced Tag Number,Retagging Date,Purchase Date,Tagging Date,Breed,Coat Color,Age,Mandi/City,Purchase Price,Purchase Expense,Mandi Weight,Purchase Weight,Purchase Rate per KG,Landing Weight at Farm,Shrinkage,Quarantine Days,Month 1,Weight,Fattening Days,Weight Gain,Weight Gain per Day,Month 2,Weight,Fattening Days,Weight gain,Weight Gain per Day,Month 3,Weight,Fattening Days,Weight gain,Weight Gain per Day,Month 4,Weight,Fattening Days,Weight gain,Weight Gain per Day,Month 5,Weight,Fattening Days,Weight gain,Weight Gain per Day,Month 6,Weight,Fattening Days,Weight gain,Weight Gain per Day,Month 7,Weight,Fattening Days,Weight gain,Weight Gain per Day,Month 8,Weight,Fattening Days,Weight gain,Weight Gain per Day,Month 9,Weight,Fattening Days,Weight gain,Weight Gain per Day,Date,Vaccine Name,Vaccine Quantity,Date,Vaccine Name,Vaccine Quantity,Date,Vaccine Name,Vaccine Quantity,Date,Vaccine Name,Vaccine Quantity,Date,Vaccine Name,Vaccine Quantity,Date,Vaccine Name,Vaccine Quantity,Date,"Claim Reason 
(death, theft, accident, disease, etc.)",Reported to the insurance company on,Weight at Farm before Loading,Farm Exit Date,Live Cattle Sale Amount,Buyer Name,Slaughter Location,Rejection,Sale Date,Total Carcass Weight,Rejected Weight,Rejected Weight Rate per KG,Accepted Weight Rate per KG,Net Offal Sale Amount,Sale Expenses,Carcass Sale Amount,Net Payment,Payment Date,Animal days,Weight gain per day,Dressing Ratio,Rate Per Kgs,,,First Sum Insured,Sum Insured Dated,Sum Insured Dated,Sum Insured Dated,Sum Insured Dated,Sum Insured Dated,Sum Insured Dated,Sum Insured Dated,Sum Insured Dated,Sum Insured Dated,Sum Insured Dated,Sum Insured Dated,Sum Insured Dated,Sum Insured Dated,Sum Insured Dated,Sum Insured Dated,Sum Insured Dated,Sum Insured Dated,Sum Insured Dated,Sum Insured Dated,Sum Insured Dated,Sum Insured Dated
1,Farm_1,LSS-7524,,,24-Jul-24,24-Jul-24,Friesian Cross,Black,Milk Teeth,Lahore,"68,680",0,136,136,505,136,0.00%,15,27-Aug-24,177,34,41,1.2059,26-Sep-24,208,64,72,1.125,,,,,0,,,,,0,,,,,0,,,,,0,,,,,0,,,,,0,,,,,0,24-Jul-24,Deworming,30,,Ivermectin,,25-Jul-24,FMD,2,26-Jul-24,HS,2,,,,,,,,,,231,12-Oct-24,,SK LiveStock,Raiwind,Yes,13-Oct-24,111,54,700,"1,115","5,000","2,162","101,355","104,193",,81,1.1728,48.05%,,0,,"68,680","104,003.27","129,176.86","127,137.92","127,137.92","127,137.92","127,137.92","127,137.92","127,137.92","127,137.92","127,137.92","127,137.92","127,137.92","127,137.92","127,137.92","127,137.92","127,137.92","127,137.92",3814.1376,,,
2,Farm_1,LSS-7516,,,24-Jul-24,24-Jul-24,Friesian Cross,Black,Milk Teeth,Lahore,"83,830",0,166,166,505,166,0.00%,15,27-Aug-24,185,34,19,0.5588,25-Sep-24,205,63,39,0.619,23-Oct-24,232,91,66,0.7253,,,,,0,,,,,0,,,,,0,,,,,0,,,,,0,,,,,0,24-Jul-24,Deworming,30,,Ivermectin,,25-Jul-24,FMD,2,26-Jul-24,HS,2,,,,,,,,,,252,27-Oct-24,0,SK LiveStock,Raiwind,No,28-Oct-24,120,0,0,"1,100","5,000","2,506","132,000","134,494",,96,0.8958,47.62%,,0,,"83,830","108,703.98","134,005.90","125,304.20","134,232.70","134,232.70","134,232.70","134,232.70","134,232.70","134,232.70","134,232.70","134,232.70","134,232.70","134,232.70","134,232.70","134,232.70","134,232.70","134,232.70",4026.981,,,
3,Farm_1,LSS-7507,,,24-Jul-24,24-Jul-24,Friesian Cross,Black,Milk Teeth,Lahore,"66,155",0,131,131,505,131,0.00%,15,27-Aug-24,180,34,49,1.4412,25-Sep-24,198,63,67,1.0635,,,,,0,,,,,0,,,,,0,,,,,0,,,,,0,,,,,0,,,,,0,24-Jul-24,Deworming,30,,Ivermectin,,25-Jul-24,FMD,2,26-Jul-24,HS,2,,,,,,,,,,215,12-Oct-24,,SK LiveStock,Raiwind,Yes,13-Oct-24,103,25,600,"1,115","5,000",846,"101,970","106,124",,81,1.037,47.91%,,0,,"66,155","105,766.04","130,987.75","117,754.56","117,754.56","117,754.56","117,754.56","117,754.56","117,754.56","117,754.56","117,754.56","117,754.56","117,754.56","117,754.56","117,754.56","117,754.56","117,754.56","117,754.56",3532.6368,,,
4,Farm_1,LSS-7506,,,24-Jul-24,24-Jul-24,Friesian Cross,Black,Milk Teeth,Lahore,"94,940",0,188,188,505,188,0.00%,15,27-Aug-24,198,34,10,0.2941,25-Sep-24,220,63,32,0.5079,,,,,0,,,,,0,,,,,0,,,,,0,,,,,0,,,,,0,,,,,0,24-Jul-24,Deworming,30,,Ivermectin,,25-Jul-24,FMD,2,26-Jul-24,HS,2,,,,,,,,,,232,12-Oct-24,,SK LiveStock,Raiwind,No,13-Oct-24,113,0,0,"1,115","5,000","2,171","125,995","128,824",,81,0.5432,48.71%,,0,,"94,940","116,342.64","141,853.10","134,472.80","134,472.80","134,472.80","134,472.80","134,472.80","134,472.80","134,472.80","134,472.80","134,472.80","134,472.80","134,472.80","134,472.80","134,472.80","134,472.80","134,472.80",4034.184,,,
5,Farm_1,LSS-7503,108865.8387,,24-Jul-24,24-Jul-24,Friesian Cross,Black,Milk Teeth,Lahore,"69,690",0,138,138,505,138,0.00%,15,27-Aug-24,161,34,23,0.6765,25-Sep-24,193,63,55,0.873,23-Oct-24,213,91,75,0.8242,,,,,0,,,,,0,,,,,0,,,,,0,,,,,0,,,,,0,24-Jul-24,Deworming,30,,Ivermectin,,25-Jul-24,FMD,2,26-Jul-24,HS,2,,,,,,,,,,225,1-Nov-24,0,SK LiveStock,Raiwind,No,2-Nov-24,116,0,0,"1,100","5,000",803,"127,600","131,797",,101,0.8614,51.56%,,0,,"69,690","94,601.85","116,342.64","114,780.96","127,105.30","125,495.34","125,495.34","125,495.34","125,495.34","125,495.34","125,495.34","125,495.34","125,495.34","125,495.34","125,495.34","125,495.34","125,495.34","125,495.34",3764.8602,,,
6,Farm_1,LSS-7509,44484.072,,24-Jul-24,24-Jul-24,Friesian Cross,Black,Milk Teeth,Lahore,"86,860",0,172,172,505,172,0.00%,15,27-Aug-24,196,34,24,0.7059,25-Sep-24,223,63,51,0.8095,23-Oct-24,255,91,83,0.9121,27-Nov-24,260,126,88,0.6984,,,,,0,,,,,0,,,,,0,,,,,0,,,,,0,24-Jul-24,Deworming,30,,Ivermectin,,25-Jul-24,FMD,2,26-Jul-24,HS,2,,,,,,,,,,264,29-Oct-24,,SK LiveStock,Raiwind,No,29-Oct-24,128,0,0,"1,100","6,200",907,"140,800","146,093",,98,0.9388,48.48%,,0,,"86,860","115,167.46","140,645.84","136,306.52","144,923.80","144,923.80","144,923.80","144,923.80","144,923.80","144,923.80","144,923.80","144,923.80","144,923.80","144,923.80","144,923.80","144,923.80","144,923.80","144,923.80",4347.714,,,
7,Farm_1,LSS-7508,0,,24-Jul-24,24-Jul-24,Friesian Cross,Black,Milk Teeth,Lahore,"81,810",0,162,162,505,162,0.00%,15,27-Aug-24,194,34,32,0.9412,25-Sep-24,216,63,54,0.8571,23-Oct-24,231,91,69,0.7582,27-Nov-24,240,126,78,0.619,,,,,0,,,,,0,,,,,0,,,,,0,,,,,0,24-Jul-24,Deworming,30,,Ivermectin,,25-Jul-24,FMD,2,26-Jul-24,HS,2,,,,,,,,,,247,29-Oct-24,,SK LiveStock,Raiwind,No,29-Oct-24,116,0,0,"1,100","6,200",848,"127,600","132,952",,98,0.8673,46.96%,,0,,"81,810","113,992.29","139,438.58","132,027.84","140,766.15","140,766.15","140,766.15","140,766.15","140,766.15","140,766.15","140,766.15","140,766.15","140,766.15","140,766.15","140,766.15","140,766.15","140,766.15","140,766.15",4222.9845,,,
8,Farm_1,LSS-7545,,,24-Jul-24,24-Jul-24,Friesian,Black,Milk Teeth,Lahore,"85,850",0,170,170,505,170,0.00%,15,27-Aug-24,209,34,39,1.1471,25-Sep-24,237,63,67,1.0635,,,,,0,,,,,0,,,,,0,,,,,0,,,,,0,,,,,0,,,,,0,24-Jul-24,Deworming,30,,Ivermectin,,25-Jul-24,FMD,2,26-Jul-24,HS,2,,,,,,,,,,256,12-Oct-24,,SK LiveStock,Raiwind,No,13-Oct-24,118,0,0,"1,115","5,000","2,396","131,570","134,174",,81,1.0617,46.09%,,0,,"85,850","126,158.71","148,493.03","144,863.88","144,863.88","144,863.88","144,863.88","144,863.88","144,863.88","144,863.88","144,863.88","144,863.88","144,863.88","144,863.88","144,863.88","144,863.88","144,863.88","144,863.88",4345.9164,,,
9,Farm_2,LSS 4009,,,24-Jul-24,24-Jul-24,FX,BROWN,MT,LUDDAN,"52,500","6,777",126,118,444.92,106,-10.17%,15,27-Aug-24,136,34,30,0.8824,25-Sep-24,134,63,28,0.4444,23-Oct-24,145,91,39,0.4286,,,,,0,,,,,0,,,,,0,,,,,0,,,,,0,,,,,0,24-Jul-24,Deworming,25,24-Jul-24,IVERMECTIN,2.5,26-Jul-24,FMD,2,30-Jul-24,HS,2,4-Aug-24,One Shot Ultra,2,,,,,,,162,26-Oct-24,0,SK Livestock,Raiwind,No,27-Oct-24,71,0,0,"1,100","4,500","1,611","78,100","80,989",,95,0.5895,43.83%,,0,,"59,277","77,951.42","92,839.08","77,750.82","91,287.66","91,287.66","91,287.66","91,287.66","91,287.66","91,287.66","91,287.66","91,287.66","91,287.66","91,287.66","91,287.66","91,287.66","91,287.66","91,287.66",2738.6298,,,
10,Farm_2,LSS 6507,,,24-Jul-24,24-Jul-24,FX,BROWN,MT,LUDDAN,"49,500","6,662",122,116,426.72,102,-12.07%,15,,,,,0,,,,,0,,,,,0,,,,,0,,,,,0,,,,,0,,,,,0,,,,,0,,,,,0,24-Jul-24,Deworming,25,24-Jul-24,IVERMECTIN,2.5,26-Jul-24,FMD,2,30-Jul-24,HS,2,4-Aug-24,One Shot Ultra,2,,,,8-Aug-24,Death (Blood Parasite/Theleriosis),,,,,,,No,,,0,0,,,,0,0,,16,-6.375,0.00%,,1,,"56,162","56,162.00","56,162.00","56,162.00","56,162.00","56,162.00","56,162.00","56,162.00","56,162.00","56,162.00","56,162.00","56,162.00","56,162.00","56,162.00","56,162.00","56,162.00","56,162.00","56,162.00",1684.86,,,
11,Farm_2,LSS 6676,,,24-Jul-24,24-Jul-24,FX,W.BLACK,MT,LUDDAN,"46,000","6,317",120,110,418.18,96,-12.73%,15,27-Aug-24,109,34,13,0.3824,25-Sep-24,136,63,40,0.6349,23-Oct-24,166,91,70,0.7692,,,,,0,,,,,0,,,,,0,,,,,0,,,,,0,,,,,0,24-Jul-24,Deworming,25,24-Jul-24,IVERMECTIN,2.5,26-Jul-24,FMD,2,30-Jul-24,HS,2,4-Aug-24,One Shot Ultra,2,,,,,,,181,26-Oct-24,0,SK Livestock,Raiwind,No,27-Oct-24,82,0,0,"1,100","4,500","1,800","90,200","92,900",,95,0.8947,45.30%,,0,,"52,317","62,475.77","75,085.56","78,911.28","92,443.20","92,443.20","92,443.20","92,443.20","92,443.20","92,443.20","92,443.20","92,443.20","92,443.20","92,443.20","92,443.20","92,443.20","92,443.20","92,443.20",2773.296,,,
12,Farm_2,LSS 6533,,,24-Jul-24,24-Jul-24,FX,BROWN,MT,LUDDAN,"41,000","5,313",100,85,482.35,86,1.18%,15,27-Aug-24,129,34,43,1.2647,25-Sep-24,158,63,72,1.1429,,,,,0,,,,,0,,,,,0,,,,,0,,,,,0,,,,,0,,,,,0,24-Jul-24,Deworming,25,24-Jul-24,IVERMECTIN,2.5,26-Jul-24,FMD,2,30-Jul-24,HS,2,4-Aug-24,One Shot Ultra,2,,,,,,,163,13-Oct-24,0,SK Livestock,Raiwind,No,13-Oct-24,76,0,0,"1,115","4,500","1,525","84,740","87,715",,82,0.939,46.63%,,0,,"46,313","73,939.21","88,725.95","93,965.76","93,965.76","93,965.76","93,965.76","93,965.76","93,965.76","93,965.76","93,965.76","93,965.76","93,965.76","93,965.76","93,965.76","93,965.76","93,965.76","93,965.76",2818.9728,,,
13,Farm_2,LSS 6784,,,24-Jul-24,24-Jul-24,FX,BROWN,MT,LUDDAN,"68,000","8,442",157,147,462.59,138,-6.12%,15,27-Aug-24,162,34,24,0.7059,25-Sep-24,178,63,40,0.6349,23-Oct-24,192,91,54,0.5934,,,,,0,,,,,0,,,,,0,,,,,0,,,,,0,,,,,0,24-Jul-24,Deworming,25,24-Jul-24,IVERMECTIN,2.5,26-Jul-24,FMD,2,30-Jul-24,HS,2,4-Aug-24,One Shot Ultra,2,,,,,,,205,26-Oct-24,0,SK Livestock,Raiwind,No,27-Oct-24,92,0,0,"1,100","4,500","2,038","101,200","103,662",,95,0.7053,44.88%,,0,,"76,442","95,189.43","108,116.39","105,860.16","119,977.90","119,977.90","119,977.90","119,977.90","119,977.90","119,977.90","119,977.90","119,977.90","119,977.90","119,977.90","119,977.90","119,977.90","119,977.90","119,977.90",3599.337,,,
14,Farm_2,LSS 6877,,,24-Jul-24,24-Jul-24,FX,BLACK,MT,LUDDAN,"39,000","4,882",93,85,458.82,81,-4.71%,15,27-Aug-24,95,34,14,0.4118,25-Sep-24,122,63,41,0.6508,23-Oct-24,134,91,53,0.5824,,,,,0,,,,,0,,,,,0,,,,,0,,,,,0,,,,,0,24-Jul-24,Deworming,25,24-Jul-24,IVERMECTIN,2.5,26-Jul-24,FMD,2,30-Jul-24,HS,2,4-Aug-24,One Shot Ultra,2,,,,,,,145,26-Oct-24,0,SK Livestock,Raiwind,No,27-Oct-24,67,0,0,"1,100","4,500","1,442","73,700","76,758",,95,0.6737,46.21%,,0,,"43,882","53,646.16","67,061.15","70,788.06","81,670.94","81,670.94","81,670.94","81,670.94","81,670.94","81,670.94","81,670.94","81,670.94","81,670.94","81,670.94","81,670.94","81,670.94","81,670.94","81,670.94",2450.1282,,,
15,Farm_2,LSS 6685,,,24-Jul-24,24-Jul-24,FX,BROWN,MT,LUDDAN,"48,000","8,040",110,105,457.14,95,-9.52%,15,27-Aug-24,116,34,21,0.6176,25-Sep-24,141,63,46,0.7302,23-Oct-24,160,91,65,0.7143,,,,,0,,,,,0,,,,,0,,,,,0,,,,,0,,,,,0,24-Jul-24,Deworming,25,24-Jul-24,IVERMECTIN,2.5,26-Jul-24,FMD,2,30-Jul-24,HS,2,4-Aug-24,One Shot Ultra,2,,,,,,,168,26-Oct-24,0,SK Livestock,Raiwind,No,27-Oct-24,84,0,0,"1,100","4,500","1,671","92,400","95,229",,95,0.7684,50.00%,,0,,"56,040","66,487.98","79,097.76","81,812.43","95,332.05","95,332.05","95,332.05","95,332.05","95,332.05","95,332.05","95,332.05","95,332.05","95,332.05","95,332.05","95,332.05","95,332.05","95,332.05","95,332.05",2859.9615,,,
16,Farm_2,LSS 5960,,,24-Jul-24,24-Jul-24,FX,B.WHITE,MT,LUDDAN,"48,500","6,317",120,110,440.91,125,13.64%,15,27-Aug-24,145,34,20,0.5882,25-Sep-24,180,63,55,0.873,,,,,0,,,,,0,,,,,0,,,,,0,,,,,0,,,,,0,,,,,0,24-Jul-24,Deworming,25,24-Jul-24,IVERMECTIN,2.5,26-Jul-24,FMD,2,30-Jul-24,HS,2,4-Aug-24,One Shot Ultra,2,,,,,,,185,13-Oct-24,0,SK Livestock,Raiwind,No,13-Oct-24,84,0,0,"1,115","4,500","1,731","93,660","96,429",,82,0.7317,45.41%,,0,,"54,817","83,109.97","98,127.38","107,049.60","107,049.60","107,049.60","107,049.60","107,049.60","107,049.60","107,049.60","107,049.60","107,049.60","107,049.60","107,049.60","107,049.60","107,049.60","107,049.60","107,049.60",3211.488,,,
17,Farm_2,LSS 6538,,,24-Jul-24,24-Jul-24,FX,BROWN,MT,LUDDAN,"58,000","7,179",135,125,464,105,-16.00%,15,27-Aug-24,155,34,50,1.4706,25-Sep-24,173,63,68,1.0794,,,,,0,,,,,0,,,,,0,,,,,0,,,,,0,,,,,0,,,,,0,24-Jul-24,Deworming,25,24-Jul-24,IVERMECTIN,2.5,26-Jul-24,FMD,2,30-Jul-24,HS,2,4-Aug-24,One Shot Ultra,2,,,,,,,185,13-Oct-24,0,SK Livestock,Raiwind,No,13-Oct-24,88,0,0,"1,115","4,500","1,731","98,120","100,889",,82,0.9756,47.57%,,0,,"65,179","91,076.31","104,003.27","102,886.56","102,886.56","102,886.56","102,886.56","102,886.56","102,886.56","102,886.56","102,886.56","102,886.56","102,886.56","102,886.56","102,886.56","102,886.56","102,886.56","102,886.56",3086.5968,,,
18,Farm_2,LSS 6638,,,24-Jul-24,24-Jul-24,FX,BROWN,MT,LUDDAN,"41,000","5,169",100,90,455.56,88,-2.22%,15,27-Aug-24,132,34,44,1.2941,25-Sep-24,140,63,52,0.8254,23-Oct-24,168,91,80,0.8791,,,,,0,,,,,0,,,,,0,,,,,0,,,,,0,,,,,0,24-Jul-24,Deworming,25,24-Jul-24,IVERMECTIN,2.5,26-Jul-24,FMD,2,30-Jul-24,HS,2,4-Aug-24,One Shot Ultra,2,,,,,,,193,18-Nov-24,0,SK LiveStock,Raiwind,No,21-Nov-24,91.79,0,0,"1,100","5,000","1,045","100,969","104,924",,118,0.8898,47.56%,,0,,"46,169","75,658.73","90,488.72","81,232.20","94,754.28","96,124.56","102,840.51","102,840.51","102,840.51","102,840.51","102,840.51","102,840.51","102,840.51","102,840.51","102,840.51","102,840.51","102,840.51","102,840.51",3085.2153,,,
19,Farm_2,LSS 6554,,,24-Jul-24,24-Jul-24,FX,BROWN,MT,LUDDAN,"40,000","4,996",97,87,459.77,82,-5.75%,15,27-Aug-24,112,34,30,0.8824,25-Sep-24,135,63,53,0.8413,23-Oct-24,166,91,84,0.9231,,,,,0,,,,,0,,,,,0,,,,,0,,,,,0,,,,,0,24-Jul-24,Deworming,25,24-Jul-24,IVERMECTIN,2.5,26-Jul-24,FMD,2,30-Jul-24,HS,2,4-Aug-24,One Shot Ultra,2,,,,,,,154,26-Oct-24,0,SK Livestock,Raiwind,No,27-Oct-24,72,0,0,"1,100","4,500","1,531","79,200","82,169",,95,0.7579,46.75%,,0,,"44,996","64,195.29","76,805.07","78,331.05","91,865.43","91,865.43","91,865.43","91,865.43","91,865.43","91,865.43","91,865.43","91,865.43","91,865.43","91,865.43","91,865.43","91,865.43","91,865.43","91,865.43",2755.9629,,,
20,Farm_2,LSS 6760,,,24-Jul-24,24-Jul-24,FX,BROWN,MT,LUDDAN,"38,500","4,882",90,85,452.94,77,-9.41%,15,27-Aug-24,114,34,37,1.0882,25-Sep-24,137,63,60,0.9524,,,,,0,,,,,0,,,,,0,,,,,0,,,,,0,,,,,0,,,,,0,24-Jul-24,Deworming,25,24-Jul-24,IVERMECTIN,2.5,26-Jul-24,FMD,2,30-Jul-24,HS,2,4-Aug-24,One Shot Ultra,2,,,,,,,156,13-Oct-24,0,SK Livestock,Raiwind,No,13-Oct-24,69,0,0,"1,115","4,500","1,460","76,935","79,975",,82,0.9634,44.23%,,0,,"43,382","65,341.63","77,951.42","79,491.51","79,491.51","79,491.51","79,491.51","79,491.51","79,491.51","79,491.51","79,491.51","79,491.51","79,491.51","79,491.51","79,491.51","79,491.51","79,491.51","79,491.51",2384.7453,,,
21,Farm_2,LSS 6649,,,24-Jul-24,24-Jul-24,FX,BROWN,MT,LUDDAN,"49,000","6,202",116,108,453.7,100,-7.41%,15,27-Aug-24,148,34,48,1.4118,25-Sep-24,175,63,75,1.1905,,,,,0,,,,,0,,,,,0,,,,,0,,,,,0,,,,,0,,,,,0,24-Jul-24,Deworming,25,24-Jul-24,IVERMECTIN,2.5,26-Jul-24,FMD,2,30-Jul-24,HS,2,4-Aug-24,One Shot Ultra,2,,,,,,,180,13-Oct-24,0,SK Livestock,Raiwind,No,13-Oct-24,85,0,0,"1,115","4,500","1,685","94,775","97,590",,82,0.9756,47.22%,,0,,"55,202","84,829.49","99,890.15","104,076.00","104,076.00","104,076.00","104,076.00","104,076.00","104,076.00","104,076.00","104,076.00","104,076.00","104,076.00","104,076.00","104,076.00","104,076.00","104,076.00","104,076.00",3122.28,,,
22,Farm_2,LSS 6542,,,24-Jul-24,24-Jul-24,FX,BROWN,MT,LUDDAN,"41,000","5,169",98,90,455.56,84,-6.67%,15,27-Aug-24,127,34,43,1.2647,25-Sep-24,144,63,60,0.9524,,,,,0,,,,,0,,,,,0,,,,,0,,,,,0,,,,,0,,,,,0,24-Jul-24,Deworming,25,24-Jul-24,IVERMECTIN,2.5,26-Jul-24,FMD,2,30-Jul-24,HS,2,4-Aug-24,One Shot Ultra,2,,,,,,,155,13-Oct-24,0,SK Livestock,Raiwind,No,13-Oct-24,72,0,0,"1,115","4,500","1,451","80,280","83,329",,82,0.8659,46.45%,,0,,"46,169","72,792.87","85,402.66","83,553.12","83,553.12","83,553.12","83,553.12","83,553.12","83,553.12","83,553.12","83,553.12","83,553.12","83,553.12","83,553.12","83,553.12","83,553.12","83,553.12","83,553.12",2506.5936,,,
23,Farm_2,LSS 6584,,,24-Jul-24,24-Jul-24,FX,BLACK,MT,LUDDAN,"43,500","5,686",109,99,439.39,87,-12.12%,15,27-Aug-24,111,34,24,0.7059,25-Sep-24,152,63,65,1.0317,,,,,0,,,,,0,,,,,0,,,,,0,,,,,0,,,,,0,,,,,0,24-Jul-24,Deworming,25,28-Jul-24,IVERMECTIN,2.5,30-Jul-24,FMD,2,31-Jul-24,HS,2,4-Aug-24,One Shot Ultra,2,,,,,,,164,13-Oct-24,0,SK Livestock,Raiwind,No,13-Oct-24,74,0,0,"1,115","4,500","1,535","82,510","85,475",,82,0.939,45.12%,,0,,"49,186","63,622.11","76,231.90","90,397.44","90,397.44","90,397.44","90,397.44","90,397.44","90,397.44","90,397.44","90,397.44","90,397.44","90,397.44","90,397.44","90,397.44","90,397.44","90,397.44","90,397.44",2711.9232,,,
24,Farm_2,LSS 6818,,,24-Jul-24,24-Jul-24,FX,BLACK,MT,LUDDAN,"40,500","5,169",95,90,450,83,-7.78%,15,27-Aug-24,124,34,41,1.2059,25-Sep-24,151,63,68,1.0794,,,,,0,,,,,0,,,,,0,,,,,0,,,,,0,,,,,0,,,,,0,24-Jul-24,Deworming,25,28-Jul-24,IVERMECTIN,2.5,30-Jul-24,FMD,2,31-Jul-24,HS,2,4-Aug-24,One Shot Ultra,2,,,,,,,159,13-Oct-24,0,SK Livestock,Raiwind,No,13-Oct-24,75,0,0,"1,115","4,500","1,488","83,625","86,637",,82,0.9268,47.17%,,0,,"45,669","71,073.35","83,683.14","89,802.72","89,802.72","89,802.72","89,802.72","89,802.72","89,802.72","89,802.72","89,802.72","89,802.72","89,802.72","89,802.72","89,802.72","89,802.72","89,802.72","89,802.72",2694.0816,,,
25,Farm_7,LSS-7749,,,24-Jul-24,24-Jul-24,desi,brown,2 Teeth,luddan,"133,500","3,791",243,243,549.38,228,-6.17%,15,27-Aug-24,277,34,49,1.4412,25-Sep-24,315,63,87,1.381,22-Oct-24,358,90,130,1.4444,11-Nov-24,355,110,127,1.1545,,,,,0,,,,,0,,,,,0,,,,,0,,,,,0,24-Jul-24,Deworming,50,24-Jul-24,FMD,2,7-Aug-24,Doramax,,,,,,,,,,,,,,355,11-Nov-24,"213,000",SK Live Stock,Raiwind,No,11-Nov-24,,0,0,600,,"3,763",0,"209,237",,111,1.1441,0.00%,,0,,"137,291","165,912.67","167,110.59","190,587.60","193,388.00","213,657.98","213,657.98","213,657.98","213,657.98","213,657.98","213,657.98","213,657.98","213,657.98","213,657.98","213,657.98","213,657.98","213,657.98","213,657.98",6409.7394,,,
26,Farm_7,LSS-7745,,,24-Jul-24,24-Jul-24,desi,black & white,MT,luddan,"136,500","3,744",240,240,568.75,225,-6.25%,15,27-Aug-24,267,34,42,1.2353,25-Sep-24,290,63,65,1.0317,22-Oct-24,316,90,91,1.0111,27-Nov-24,335,126,110,0.873,,,,,0,,,,,0,,,,,0,,,,,0,,,,,0,24-Jul-24,Deworming,50,24-Jul-24,FMD,2,7-Aug-24,Doramax,,,,,,,,,,,,,,335,27-Nov-24,"201,000",local Party,Lodhran,No,27-Nov-24,,0,0,600,,,0,"201,000",,127,0.8661,0.00%,,0,,"140,244","159,923.04","161,120.97","175,461.60","178,512.00","186,073.44","189,156.42","189,156.42","189,156.42","189,156.42","189,156.42","189,156.42","189,156.42","189,156.42","189,156.42","189,156.42","189,156.42","189,156.42",5674.6926,,,
27,Farm_7,LSS-7777,,,24-Jul-24,24-Jul-24,desi,black & brown,MT,luddan,"142,000","4,056",260,260,546.15,244,-6.15%,15,27-Aug-24,296,34,52,1.5294,25-Sep-24,293,63,49,0.7778,22-Oct-24,322,90,78,0.8667,27-Nov-24,358,126,114,0.9048,,,,,0,,,,,0,,,,,0,,,,,0,,,,,0,24-Jul-24,Deworming,50,24-Jul-24,FMD,2,7-Aug-24,Doramax,,,,,,,,,,,,,,358,27-Nov-24,"214,800",Local Party,Lodhran,No,27-Nov-24,,0,0,600,,,0,"214,800",,127,0.8976,0.00%,,0,,"146,056","177,292.96","178,490.88","177,276.72","180,297.12","189,606.48","192,627.18","192,627.18","192,627.18","192,627.18","192,627.18","192,627.18","192,627.18","192,627.18","192,627.18","192,627.18","192,627.18","192,627.18",5778.8154,,,
28,Farm_7,LSS-7778,,,24-Jul-24,24-Jul-24,desi,white & brown,2 Teeth,luddan,"146,000","3,978",255,255,572.55,241,-5.49%,15,27-Aug-24,278,34,37,1.0882,25-Sep-24,309,63,68,1.0794,22-Oct-24,337,90,96,1.0667,,,,,0,,,,,0,,,,,0,,,,,0,,,,,0,,,,,0,24-Jul-24,Deworming,50,24-Jul-24,FMD,2,7-Aug-24,Doramax,,,,,,,,,,,,,,365,12-Nov-24,,SK Live Stock,Raiwind,No,13-Nov-24,191,0,0,"1,100","7,000","3,755","210,100","213,345",,112,1.1071,52.33%,,0,,"149,978","166,511.63","167,709.56","186,957.36","189,817.76","198,439.08","198,439.08","198,439.08","198,439.08","198,439.08","198,439.08","198,439.08","198,439.08","198,439.08","198,439.08","198,439.08","198,439.08","198,439.08",5953.1724,,,
29,Farm_7,LSS-7761,,,24-Jul-24,24-Jul-24,desi,black & white,2 Teeth,luddan,"157,500","4,477",287,287,548.78,271,-5.57%,15,27-Aug-24,326,34,55,1.6176,25-Sep-24,340,63,69,1.0952,22-Oct-24,375,90,104,1.1556,24-Nov-24,418,123,147,1.1951,,,,,0,,,,,0,,,,,0,,,,,0,,,,,0,24-Jul-24,Deworming,50,24-Jul-24,FMD,2,7-Aug-24,Doramax,,,,,,,,,,,,,,418,24-Nov-24,"250,800",Local Party,Lodhran,No,24-Nov-24,,0,0,600,,,0,"250,800",,124,1.1855,0.00%,,0,,"161,977","195,261.84","196,459.77","205,713.60","208,264.00","223,803.75","226,331.10","226,331.10","226,331.10","226,331.10","226,331.10","226,331.10","226,331.10","226,331.10","226,331.10","226,331.10","226,331.10","226,331.10",6789.933,,,
30,Farm_7,LSS-7737,,,24-Jul-24,24-Jul-24,desi,brown,MT,luddan,"166,500","4,555",292,292,570.21,279,-4.45%,15,27-Aug-24,315,34,36,1.0588,25-Sep-24,365,63,86,1.3651,22-Oct-24,392,90,113,1.2556,,,,,0,,,,,0,,,,,0,,,,,0,,,,,0,,,,,0,24-Jul-24,Deworming,50,24-Jul-24,FMD,2,7-Aug-24,Doramax,,,,,,,,,,,,,,402,12-Nov-24,,SK Live Stock,Raiwind,No,13-Nov-24,209,0,0,"1,100","7,000","4,136","229,900","232,764",,112,1.0982,51.99%,,0,,"171,055","188,673.25","189,871.18","221,628.00","225,840.00","233,949.52","233,949.52","233,949.52","233,949.52","233,949.52","233,949.52","233,949.52","233,949.52","233,949.52","233,949.52","233,949.52","233,949.52","233,949.52",7018.4856,,,
31,Farm_7,LSS-7720,,,24-Jul-24,24-Jul-24,desi,brown,MT,luddan,"158,000","4,352",279,279,566.31,264,-5.38%,15,27-Aug-24,316,34,52,1.5294,25-Sep-24,333,63,69,1.0952,22-Oct-24,352,90,88,0.9778,27-Nov-24,367,126,103,0.8175,,,,,0,,,,,0,,,,,0,,,,,0,,,,,0,24-Jul-24,Deworming,50,24-Jul-24,FMD,2,7-Aug-24,Doramax,,,,,,,,,,,,,,367,27-Nov-24,"220,200",Local Party,Lodhran,No,27-Nov-24,,0,0,600,,,0,"220,200",,127,0.811,0.00%,,0,,"162,352","189,272.21","190,470.14","201,478.32","204,098.72","210,077.12","212,845.05","212,845.05","212,845.05","212,845.05","212,845.05","212,845.05","212,845.05","212,845.05","212,845.05","212,845.05","212,845.05","212,845.05",6385.3515,,,
32,Farm_7,LSS-7668,,,24-Jul-24,24-Jul-24,Cross,white & black,MT,luddan,"128,000","3,479",223,223,573.99,209,-6.28%,15,27-Aug-24,239,34,30,0.8824,25-Sep-24,270,63,61,0.9683,22-Oct-24,300,90,91,1.0111,28-Nov-24,313,127,104,0.8189,,,,,0,,,,,0,,,,,0,,,,,0,,,,,0,24-Jul-24,Deworming,50,24-Jul-24,FMD,2,7-Aug-24,Doramax,,,,,,,,,,,,,,378,15-Dec-24,"220,000",Local Party,Lodhran,No,15-Dec-24,,0,0,,,,0,"220,000",,145,1.1655,0.00%,,0,,"131,479","144,267.62","145,474.88","163,360.80","166,611.20","176,652.00","179,901.06","185,413.86","185,413.86","185,413.86","185,413.86","185,413.86","185,413.86","185,413.86","185,413.86","185,413.86","185,413.86","185,413.86",5562.4158,,,
33,Farm_7,LSS-7748,,,24-Jul-24,24-Jul-24,Cross,black & white,MT,luddan,"174,500","4,976",319,319,547.02,305,-4.39%,15,27-Aug-24,307,34,2,0.0588,25-Sep-24,336,63,31,0.4921,22-Oct-24,370,90,65,0.7222,27-Nov-24,382,126,77,0.6111,,,,,0,,,,,0,,,,,0,,,,,0,,,,,0,24-Jul-24,Deworming,50,24-Jul-24,FMD,2,7-Aug-24,Doramax,,,,,,,,,,,,,,382,27-Nov-24,"229,200",Local Party,Lodhran,No,27-Nov-24,,0,0,600,,,0,"229,200",,127,0.6063,0.00%,,0,,"179,476","183,881.55","185,079.47","203,293.44","205,883.84","220,819.70","223,399.35","223,399.35","223,399.35","223,399.35","223,399.35","223,399.35","223,399.35","223,399.35","223,399.35","223,399.35","223,399.35","223,399.35",6701.9805,,,
34,Farm_7,LSS-7726,,,24-Jul-24,24-Jul-24,desi,brown,2 Teeth,luddan,"139,000","3,838",246,246,565.04,231,-6.10%,15,27-Aug-24,272,34,41,1.2059,25-Sep-24,302,63,71,1.127,22-Oct-24,336,90,105,1.1667,11-Nov-24,341,110,110,1,,,,,0,,,,,0,,,,,0,,,,,0,,,,,0,24-Jul-24,Deworming,50,24-Jul-24,FMD,2,7-Aug-24,Doramax,,,,,,,,,,,,,,341,11-Nov-24,"204,600",SK Live Stock,Raiwind,No,11-Nov-24,,0,0,600,,"3,614",0,"200,986",,111,0.991,0.00%,,0,,"142,838","162,917.85","164,115.78","182,722.08","185,652.48","197,850.24","197,850.24","197,850.24","197,850.24","197,850.24","197,850.24","197,850.24","197,850.24","197,850.24","197,850.24","197,850.24","197,850.24","197,850.24",5935.5072,,,
35,Farm_7,LSS-7771,,,24-Jul-24,24-Jul-24,desi,brown,MT,luddan,"135,000","3,822",245,245,551.02,229,-6.53%,15,27-Aug-24,254,34,25,0.7353,25-Sep-24,277,63,48,0.7619,22-Oct-24,311,90,82,0.9111,28-Nov-24,315,127,86,0.6772,,,,,0,,,,,0,,,,,0,,,,,0,,,,,0,24-Jul-24,Deworming,50,24-Jul-24,FMD,2,7-Aug-24,Doramax,,,,,,,,,,,,,,394,15-Dec-24,"229,000",Local Party,Lodhran,No,15-Dec-24,,0,0,,,,0,"229,000",,145,1.1379,0.00%,,0,,"138,822","152,136.53","153,334.45","167,596.08","170,776.48","183,129.24","186,264.12","186,594.84","186,594.84","186,594.84","186,594.84","186,594.84","186,594.84","186,594.84","186,594.84","186,594.84","186,594.84","186,594.84",5597.8452,,,
36,Farm_7,LSS-7746,,,24-Jul-24,24-Jul-24,Cross,brown,2 Teeth,luddan,"136,500","3,900",250,250,546,236,-5.60%,15,27-Aug-24,295,34,59,1.7353,25-Sep-24,338,63,102,1.619,22-Oct-24,369,90,133,1.4778,,,,,0,,,,,0,,,,,0,,,,,0,,,,,0,,,,,0,24-Jul-24,Deworming,50,24-Jul-24,FMD,2,7-Aug-24,Doramax,,,,,,,,,,,,,,400,12-Nov-24,,SK Live Stock,Raiwind,No,13-Nov-24,201,0,0,"1,100","7,000","4,115","221,100","223,985",,112,1.4643,50.25%,,0,,"140,400","176,694.00","177,891.92","204,503.52","207,073.92","220,222.89","220,222.89","220,222.89","220,222.89","220,222.89","220,222.89","220,222.89","220,222.89","220,222.89","220,222.89","220,222.89","220,222.89","220,222.89",6606.6867,,,
37,Farm_7,LSS-7665,,,24-Jul-24,24-Jul-24,desi,brown,MT,luddan,"149,500","4,259",273,273,547.62,260,-4.76%,15,27-Aug-24,299,34,39,1.1471,25-Sep-24,322,63,62,0.9841,22-Oct-24,346,90,86,0.9556,,,,,0,,,,,0,,,,,0,,,,,0,,,,,0,,,,,0,24-Jul-24,Deworming,50,24-Jul-24,FMD,2,7-Aug-24,Doramax,,,,,,,,,,,,,,364,22-Nov-24,"218,400",Local Party,Lodhran,No,22-Nov-24,,0,0,600,,,0,"218,400",,122,0.8525,0.00%,,0,,"153,759","179,089.85","180,287.77","194,822.88","197,553.28","203,738.64","209,326.95","209,326.95","209,326.95","209,326.95","209,326.95","209,326.95","209,326.95","209,326.95","209,326.95","209,326.95","209,326.95","209,326.95",6279.8085,,,
38,Farm_7,LSS-7724,,,24-Jul-24,24-Jul-24,desi,white,2 Teeth,luddan,"155,000","4,415",283,283,547.7,270,-4.59%,15,27-Aug-24,322,34,52,1.5294,25-Sep-24,372,63,102,1.619,22-Oct-24,398,90,128,1.4222,11-Nov-24,402,110,132,1.2,,,,,0,,,,,0,,,,,0,,,,,0,,,,,0,24-Jul-24,Deworming,50,24-Jul-24,FMD,2,7-Aug-24,Doramax,,,,,,,,,,,,,,402,11-Nov-24,"241,200",SK Live Stock,Raiwind,No,11-Nov-24,,0,0,600,,"4,261",0,"236,939",,111,1.1892,0.00%,,0,,"159,415","192,865.99","194,063.91","225,878.40","230,055.68","237,530.38","237,530.38","237,530.38","237,530.38","237,530.38","237,530.38","237,530.38","237,530.38","237,530.38","237,530.38","237,530.38","237,530.38","237,530.38",7125.9114,,,
39,Farm_7,LSS-7670,,,24-Jul-24,24-Jul-24,desi,brown,MT,luddan,"139,000","3,822",245,245,567.35,229,-6.53%,15,27-Aug-24,255,34,26,0.7647,25-Sep-24,284,63,55,0.873,22-Oct-24,308,90,79,0.8778,28-Nov-24,314,127,85,0.6693,26-Dec-24,327,155,98,0.6323,,,,,0,,,,,0,,,,,0,,,,,0,24-Jul-24,Deworming,50,24-Jul-24,FMD,2,7-Aug-24,Doramax,,,,,,,,,,,,,,415,7-Jan-25,"249,000",Local Party,Lodhran,No,7-Jan-25,,0,0,600,,,0,"249,000",,168,1.1071,0.00%,,0,,"142,822","152,735.49","153,933.41","171,831.36","174,941.76","181,362.72","184,528.74","186,004.35","193,283.16","193,283.16","193,283.16","193,283.16","193,283.16","193,283.16","193,283.16","193,283.16","193,283.16","193,283.16",5798.4948,,,
40,Farm_7,LSS-7667,,,24-Jul-24,24-Jul-24,desi,brown,MT,luddan,"118,500","3,370",216,216,548.61,201,-6.94%,15,27-Aug-24,224,34,23,0.6765,25-Sep-24,246,63,45,0.7143,22-Oct-24,251,90,50,0.5556,11-Nov-24,281,110,80,0.7273,,,,,0,,,,,0,,,,,0,,,,,0,,,,,0,24-Jul-24,Deworming,50,24-Jul-24,FMD,2,7-Aug-24,Doramax,,,,,,,,,,,,,,281,11-Nov-24,"168,600",SK Live Stock,Raiwind,No,11-Nov-24,,0,0,600,,"2,978",0,"165,622",,111,0.7207,0.00%,,0,,"121,870","135,213.16","136,420.43","150,365.04","152,330.24","147,798.84","147,798.84","147,798.84","147,798.84","147,798.84","147,798.84","147,798.84","147,798.84","147,798.84","147,798.84","147,798.84","147,798.84","147,798.84",4433.9652,,,
41,Farm_7,LSS-7633,,,24-Jul-24,24-Jul-24,desi,brown,MT,luddan,"128,500","3,666",235,235,546.81,222,-5.53%,15,27-Aug-24,272,34,50,1.4706,25-Sep-24,298,63,76,1.2063,22-Oct-24,333,90,111,1.2333,11-Nov-24,342,110,120,1.0909,,,,,0,,,,,0,,,,,0,,,,,0,,,,,0,24-Jul-24,Deworming,50,24-Jul-24,FMD,2,7-Aug-24,Doramax,,,,,,,,,,,,,,342,11-Nov-24,"205,200",SK Live Stock,Raiwind,No,11-Nov-24,,0,0,600,,"3,625",0,"201,575",,111,1.0811,0.00%,,0,,"132,166","162,917.85","164,115.78","180,301.92","183,272.32","196,083.72","196,083.72","196,083.72","196,083.72","196,083.72","196,083.72","196,083.72","196,083.72","196,083.72","196,083.72","196,083.72","196,083.72","196,083.72",5882.5116,,,
42,Farm_7,LSS-7734,,,24-Jul-24,24-Jul-24,desi,black & white,2 Teeth,luddan,"129,000","3,619",232,232,556.03,217,-6.47%,15,27-Aug-24,257,34,40,1.1765,25-Sep-24,260,63,43,0.6825,22-Oct-24,313,90,96,1.0667,11-Nov-24,320,110,103,0.9364,,,,,0,,,,,0,,,,,0,,,,,0,,,,,0,24-Jul-24,Deworming,50,24-Jul-24,FMD,2,7-Aug-24,Doramax,,,,,,,,,,,,,,320,11-Nov-24,"192,000",SK Live Stock,Raiwind,No,11-Nov-24,,0,0,600,,"3,392",0,"188,608",,111,0.9279,0.00%,,0,,"132,619","153,933.41","155,131.34","157,310.40","160,660.80","184,306.92","184,306.92","184,306.92","184,306.92","184,306.92","184,306.92","184,306.92","184,306.92","184,306.92","184,306.92","184,306.92","184,306.92","184,306.92",5529.2076,,,
43,Farm_7,LSS-7735,,,24-Jul-24,24-Jul-24,desi,black & white,MT,luddan,"157,500","4,477",287,287,548.78,273,-4.88%,15,27-Aug-24,302,34,29,0.8529,25-Sep-24,322,63,49,0.7778,22-Oct-24,360,90,87,0.9667,,,,,0,,,,,0,,,,,0,,,,,0,,,,,0,,,,,0,24-Jul-24,Deworming,50,24-Jul-24,FMD,2,7-Aug-24,Doramax,,,,,,,,,,,,,,386,22-Nov-24,"231,600",Local Party,Lodhran,No,22-Nov-24,,0,0,600,,,0,"231,600",,122,0.9262,0.00%,,0,,"161,977","180,886.74","182,084.66","194,822.88","197,553.28","214,851.60","217,535.85","217,535.85","217,535.85","217,535.85","217,535.85","217,535.85","217,535.85","217,535.85","217,535.85","217,535.85","217,535.85","217,535.85",6526.0755,,,
44,Farm_7,LSS-7671,,,24-Jul-24,24-Jul-24,desi,brown,2 Teeth,luddan,"145,000","4,150",266,266,545.11,252,-5.26%,15,27-Aug-24,305,34,53,1.5588,25-Sep-24,342,63,90,1.4286,22-Oct-24,376,90,124,1.3778,,,,,0,,,,,0,,,,,0,,,,,0,,,,,0,,,,,0,24-Jul-24,Deworming,50,24-Jul-24,FMD,2,7-Aug-24,Doramax,,,,,,,,,,,,,,380,22-Nov-24,"228,000",Local Party,Lodhran,No,22-Nov-24,,0,0,600,,,0,"228,000",,122,1.0492,0.00%,,0,,"149,150","182,683.62","183,881.55","206,923.68","211,988.48","224,400.56","226,917.45","226,917.45","226,917.45","226,917.45","226,917.45","226,917.45","226,917.45","226,917.45","226,917.45","226,917.45","226,917.45","226,917.45",6807.5235,,,
45,Farm_7,LSS-7666,,,24-Jul-24,24-Jul-24,desi,black,2 Teeth,luddan,"129,000","3,688",236,236,546.61,221,-6.36%,15,27-Aug-24,270,34,49,1.4412,25-Sep-24,312,63,91,1.4444,22-Oct-24,356,90,135,1.5,27-Nov-24,391,126,170,1.3492,,,,,0,,,,,0,,,,,0,,,,,0,,,,,0,24-Jul-24,Deworming,50,24-Jul-24,FMD,2,7-Aug-24,Doramax,,,,,,,,,,,,,,391,27-Nov-24,"234,600",Local Party,Lodhran,No,27-Nov-24,,0,0,600,,,0,"234,600",,127,1.3386,0.00%,,0,,"132,688","161,719.93","162,917.85","188,772.48","191,602.88","212,464.36","215,190.45","215,190.45","215,190.45","215,190.45","215,190.45","215,190.45","215,190.45","215,190.45","215,190.45","215,190.45","215,190.45","215,190.45",6455.7135,,,
46,Farm_7,LSS-7742,,,24-Jul-24,24-Jul-24,desi,brown & white,MT,luddan,"138,000","3,931",252,252,547.62,238,-5.56%,15,27-Aug-24,269,34,31,0.9118,25-Sep-24,292,63,54,0.8571,22-Oct-24,311,90,73,0.8111,28-Nov-24,316,127,78,0.6142,,,,,0,,,,,0,,,,,0,,,,,0,,,,,0,24-Jul-24,Deworming,50,24-Jul-24,FMD,2,7-Aug-24,Doramax,,,,,,,,,,,,,,418,25-Dec-24,"242,000",Local Party,Lodhran,No,25-Dec-24,,0,0,,,,0,"242,000",,155,1.1613,0.00%,,0,,"141,931","161,120.97","162,318.89","176,671.68","179,702.08","183,129.24","186,264.12","187,185.33","194,465.32","194,465.32","194,465.32","194,465.32","194,465.32","194,465.32","194,465.32","194,465.32","194,465.32","194,465.32",5833.9596,,,
47,Farm_7,LSS-7741,,,24-Jul-24,24-Jul-24,desi,black & brown,2 Teeth,luddan,"139,500","3,806",244,244,571.72,230,-5.74%,15,27-Aug-24,257,34,27,0.7941,25-Sep-24,277,63,47,0.746,22-Oct-24,292,90,62,0.6889,21-Nov-24,320,120,90,0.75,,,,,0,,,,,0,,,,,0,,,,,0,,,,,0,24-Jul-24,Deworming,50,24-Jul-24,FMD,2,7-Aug-24,Doramax,,,,,,,,,,,,,,320,20-Nov-24,,Sk Livestock,Raiwind,No,1-Dec-24,170,0,0,"1,140","6,500","4,616","193,800","195,684",,120,0.75,53.13%,,0,,"143,306","153,933.41","155,131.34","167,596.08","170,776.48","171,941.28","175,273.38","192,499.74","192,499.74","192,499.74","192,499.74","192,499.74","192,499.74","192,499.74","192,499.74","192,499.74","192,499.74","192,499.74",5774.9922,,,
48,Farm_7,LSS-7753,,,24-Jul-24,24-Jul-24,desi,brown,MT,luddan,"132,500","3,760",241,241,549.79,228,-5.39%,15,27-Aug-24,260,34,32,0.9412,25-Sep-24,300,63,72,1.1429,22-Oct-24,340,90,112,1.2444,11-Nov-24,344,110,116,1.0545,,,,,0,,,,,0,,,,,0,,,,,0,,,,,0,24-Jul-24,Deworming,50,24-Jul-24,FMD,2,7-Aug-24,Doramax,,,,,,,,,,,,,,344,11-Nov-24,"206,400",SK Live Stock,Raiwind,No,11-Nov-24,,0,0,600,,"3,646",0,"202,754",,111,1.045,0.00%,,0,,"136,260","155,730.30","156,928.23","181,512.00","184,462.40","200,205.60","200,205.60","200,205.60","200,205.60","200,205.60","200,205.60","200,205.60","200,205.60","200,205.60","200,205.60","200,205.60","200,205.60","200,205.60",6006.168,,,
49,Farm_7,LSS-7602,,,24-Jul-24,24-Jul-24,Cross,black & white,2 Teeth,luddan,"155,000","4,430",284,284,545.77,261,-8.10%,15,27-Aug-24,306,34,45,1.3235,25-Sep-24,349,63,88,1.3968,22-Oct-24,377,90,116,1.2889,,,,,0,,,,,0,,,,,0,,,,,0,,,,,0,,,,,0,24-Jul-24,Deworming,50,24-Jul-24,FMD,2,7-Aug-24,Doramax,,,,,,,,,,,,,,404,12-Nov-24,,SK Live Stock,Raiwind,No,13-Nov-24,203,0,0,"1,100","7,000","4,156","223,300","226,144",,112,1.2768,50.25%,,0,,"159,430","183,282.59","184,480.51","211,158.96","216,204.16","224,997.37","224,997.37","224,997.37","224,997.37","224,997.37","224,997.37","224,997.37","224,997.37","224,997.37","224,997.37","224,997.37","224,997.37","224,997.37",6749.9211,,,
50,Farm_7,LSS-7751,,,24-Jul-24,24-Jul-24,desi,brown,MT,luddan,"146,500","4,024",258,258,567.83,243,-5.81%,15,27-Aug-24,255,34,12,0.3529,25-Sep-24,282,63,39,0.619,22-Oct-24,311,90,68,0.7556,28-Nov-24,321,127,78,0.6142,26-Dec-24,334,155,91,0.5871,,,,,0,,,,,0,,,,,0,,,,,0,24-Jul-24,Deworming,50,24-Jul-24,FMD,2,7-Aug-24,Doramax,,,,,,,,,,,,,,406,7-Jan-25,"244,000",Local Party,Lodhran,No,7-Jan-25,,0,0,600,,,0,"244,000",,168,0.9702,0.00%,,0,,"150,524","152,735.49","153,933.41","170,621.28","173,751.68","183,129.24","186,264.12","190,137.78","197,420.72","197,420.72","197,420.72","197,420.72","197,420.72","197,420.72","197,420.72","197,420.72","197,420.72","197,420.72",5922.6216,,,
51,Farm_7,LSS-7736,,,24-Jul-24,24-Jul-24,desi,black & white,2 Teeth,luddan,"149,500","4,259",273,273,547.62,259,-5.13%,15,27-Aug-24,303,34,44,1.2941,25-Sep-24,312,63,53,0.8413,22-Oct-24,341,90,82,0.9111,27-Nov-24,366,126,107,0.8492,,,,,0,,,,,0,,,,,0,,,,,0,,,,,0,24-Jul-24,Deworming,50,24-Jul-24,FMD,2,7-Aug-24,Doramax,,,,,,,,,,,,,,366,27-Nov-24,"219,600",Local Party,Lodhran,No,27-Nov-24,,0,0,600,,,0,"219,600",,127,0.8425,0.00%,,0,,"153,759","181,485.70","182,683.62","188,772.48","191,602.88","200,794.44","206,395.20","206,395.20","206,395.20","206,395.20","206,395.20","206,395.20","206,395.20","206,395.20","206,395.20","206,395.20","206,395.20","206,395.20",6191.856,,,
52,Farm_7,LSS-7738,,,24-Jul-24,24-Jul-24,cross,brown,MT,luddan,"126,000","3,604",231,231,545.45,215,-6.93%,15,27-Aug-24,283,34,68,2,25-Sep-24,317,63,102,1.619,22-Oct-24,341,90,126,1.4,24-Nov-24,355,123,140,1.1382,,,,,0,,,,,0,,,,,0,,,,,0,,,,,0,24-Jul-24,Deworming,50,24-Jul-24,FMD,2,7-Aug-24,Doramax,,,,,,,,,,,,,,355,24-Nov-24,"213,000",Local Party,Lodhran,No,24-Nov-24,,0,0,600,,,0,"213,000",,124,1.129,0.00%,,0,,"129,604","169,506.44","170,704.37","191,797.68","194,578.08","200,794.44","206,395.20","206,395.20","206,395.20","206,395.20","206,395.20","206,395.20","206,395.20","206,395.20","206,395.20","206,395.20","206,395.20","206,395.20",6191.856,,,
53,Farm_7,LSS-7728,,,24-Jul-24,24-Jul-24,desi,brown,MT,luddan,"137,000","3,869",248,248,552.42,233,-6.05%,15,27-Aug-24,286,34,53,1.5588,25-Sep-24,302,63,69,1.0952,22-Oct-24,336,90,103,1.1444,24-Nov-24,372,123,139,1.1301,,,,,0,,,,,0,,,,,0,,,,,0,,,,,0,24-Jul-24,Deworming,50,24-Jul-24,FMD,2,7-Aug-24,Doramax,,,,,,,,,,,,,,372,24-Nov-24,"223,200",Local Party,Lodhran,No,24-Nov-24,,0,0,600,,,0,"223,200",,124,1.121,0.00%,,0,,"140,869","171,303.33","172,501.26","182,722.08","185,652.48","197,850.24","200,725.62","200,725.62","200,725.62","200,725.62","200,725.62","200,725.62","200,725.62","200,725.62","200,725.62","200,725.62","200,725.62","200,725.62",6021.7686,,,
54,Farm_7,LSS-7721,,,24-Jul-24,24-Jul-24,desi,black & brown,MT,luddan,"129,500","3,463",222,222,583.33,208,-6.31%,15,27-Aug-24,242,34,34,1,25-Sep-24,274,63,66,1.0476,22-Oct-24,299,90,91,1.0111,11-Nov-24,317,110,109,0.9909,,,,,0,,,,,0,,,,,0,,,,,0,,,,,0,24-Jul-24,Deworming,50,24-Jul-24,FMD,2,7-Aug-24,Doramax,,,,,,,,,,,,,,317,11-Nov-24,"190,200",SK Live Stock,Raiwind,No,11-Nov-24,,0,0,600,,"3,360",0,"186,840",,111,0.982,0.00%,,0,,"132,963","146,078.51","147,285.77","165,780.96","168,991.36","176,063.16","176,063.16","176,063.16","176,063.16","176,063.16","176,063.16","176,063.16","176,063.16","176,063.16","176,063.16","176,063.16","176,063.16","176,063.16",5281.8948,,,
55,Farm_7,LSS-7762,,,24-Jul-24,24-Jul-24,desi,white,4 Teeth,luddan,"155,500","4,430",284,284,547.54,268,-5.63%,15,27-Aug-24,317,34,49,1.4412,25-Sep-24,346,63,78,1.2381,22-Oct-24,386,90,118,1.3111,11-Nov-24,403,110,135,1.2273,,,,,0,,,,,0,,,,,0,,,,,0,,,,,0,24-Jul-24,Deworming,50,24-Jul-24,FMD,2,7-Aug-24,Doramax,,,,,,,,,,,,,,403,11-Nov-24,"241,800",SK Live Stock,Raiwind,No,11-Nov-24,,0,0,600,,"4,272",0,"237,528",,111,1.2162,0.00%,,0,,"159,930","189,871.18","191,069.10","209,343.84","214,397.44","230,368.66","230,368.66","230,368.66","230,368.66","230,368.66","230,368.66","230,368.66","230,368.66","230,368.66","230,368.66","230,368.66","230,368.66","230,368.66",6911.0598,,,
56,Farm_7,LSS-7763,,,24-Jul-24,24-Jul-24,desi,brown,MT,luddan,"126,000","3,604",231,231,545.45,216,-6.49%,15,27-Aug-24,277,34,61,1.7941,25-Sep-24,317,63,101,1.6032,22-Oct-24,355,90,139,1.5444,11-Nov-24,371,110,155,1.4091,,,,,0,,,,,0,,,,,0,,,,,0,,,,,0,24-Jul-24,Deworming,50,24-Jul-24,FMD,2,7-Aug-24,Doramax,,,,,,,,,,,,,,371,11-Nov-24,"222,600",SK Live Stock,Raiwind,No,11-Nov-24,,0,0,600,,"3,932",0,"218,668",,111,1.3964,0.00%,,0,,"129,604","165,912.67","167,110.59","191,797.68","194,578.08","211,867.55","211,867.55","211,867.55","211,867.55","211,867.55","211,867.55","211,867.55","211,867.55","211,867.55","211,867.55","211,867.55","211,867.55","211,867.55",6356.0265,,,
57,Farm_7,LSS-7733,,,24-Jul-24,24-Jul-24,desi,white & black,MT,luddan,"136,000","3,744",240,240,566.67,226,-5.83%,15,27-Aug-24,259,34,33,0.9706,25-Sep-24,295,63,69,1.0952,22-Oct-24,327,90,101,1.1222,27-Nov-24,361,126,135,1.0714,,,,,0,,,,,0,,,,,0,,,,,0,,,,,0,24-Jul-24,Deworming,50,24-Jul-24,FMD,2,7-Aug-24,Doramax,,,,,,,,,,,,,,361,27-Nov-24,"216,600",Local Party,Lodhran,No,27-Nov-24,,0,0,600,,,0,"216,600",,127,1.063,0.00%,,0,,"139,744","155,131.34","156,329.26","178,486.80","181,487.20","192,550.68","195,519.48","195,519.48","195,519.48","195,519.48","195,519.48","195,519.48","195,519.48","195,519.48","195,519.48","195,519.48","195,519.48","195,519.48",5865.5844,,,
58,Farm_7,LSS-7744,,,24-Jul-24,24-Jul-24,desi,white & brown,2 Teeth,luddan,"145,000","4,118",264,264,549.24,248,-6.06%,15,27-Aug-24,273,34,25,0.7353,25-Sep-24,280,63,32,0.5079,22-Oct-24,331,90,83,0.9222,27-Nov-24,350,126,102,0.8095,,,,,0,,,,,0,,,,,0,,,,,0,,,,,0,24-Jul-24,Deworming,50,24-Jul-24,FMD,2,7-Aug-24,Doramax,,,,,,,,,,,,,,350,27-Nov-24,"210,000",Local Party,Lodhran,No,27-Nov-24,,0,0,600,,,0,"210,000",,127,0.8031,0.00%,,0,,"149,118","163,516.82","164,714.74","169,411.20","172,561.60","194,906.04","197,833.32","197,833.32","197,833.32","197,833.32","197,833.32","197,833.32","197,833.32","197,833.32","197,833.32","197,833.32","197,833.32","197,833.32",5934.9996,,,
59,Farm_7,LSS-7779,,,24-Jul-24,24-Jul-24,Cross,black & brown,2 Teeth,luddan,"135,000","3,822",245,245,551.02,232,-5.31%,15,27-Aug-24,283,34,51,1.5,25-Sep-24,314,63,82,1.3016,22-Oct-24,341,90,109,1.2111,11-Nov-24,353,110,121,1.1,,,,,0,,,,,0,,,,,0,,,,,0,,,,,0,24-Jul-24,Deworming,50,24-Jul-24,FMD,2,7-Aug-24,Doramax,,,,,,,,,,,,,,353,11-Nov-24,"211,800",SK Live Stock,Raiwind,No,11-Nov-24,,0,0,600,,"3,742",0,"208,058",,111,1.0901,0.00%,,0,,"138,822","169,506.44","170,704.37","189,982.56","192,792.96","200,794.44","200,794.44","200,794.44","200,794.44","200,794.44","200,794.44","200,794.44","200,794.44","200,794.44","200,794.44","200,794.44","200,794.44","200,794.44",6023.8332,,,
60,Farm_7,LSS-7760,,,24-Jul-24,24-Jul-24,desi,brown,MT,luddan,"139,000","3,838",246,246,565.04,231,-6.10%,15,27-Aug-24,284,34,53,1.5588,25-Sep-24,321,63,90,1.4286,22-Oct-24,344,90,113,1.2556,11-Nov-24,352,110,121,1.1,,,,,0,,,,,0,,,,,0,,,,,0,,,,,0,24-Jul-24,Deworming,50,24-Jul-24,FMD,2,7-Aug-24,Doramax,,,,,,,,,,,,,,352,11-Nov-24,"211,200",SK Live Stock,Raiwind,No,11-Nov-24,,0,0,600,,"3,731",0,"207,469",,111,1.0901,0.00%,,0,,"142,838","170,105.41","171,303.33","194,217.84","196,958.24","202,560.96","202,560.96","202,560.96","202,560.96","202,560.96","202,560.96","202,560.96","202,560.96","202,560.96","202,560.96","202,560.96","202,560.96","202,560.96",6076.8288,,,
61,Farm_7,LSS-7757,,,24-Jul-24,24-Jul-24,desi,brown,MT,luddan,"128,500","3,416",234,234,549.15,219,-6.41%,15,27-Aug-24,277,34,58,1.7059,25-Sep-24,312,63,93,1.4762,22-Oct-24,340,90,121,1.3444,24-Nov-24,360,123,141,1.1463,,,,,0,,,,,0,,,,,0,,,,,0,,,,,0,24-Jul-24,Deworming,50,24-Jul-24,FMD,2,7-Aug-24,Doramax,,,,,,,,,,,,,,360,24-Nov-24,"216,000",Local Party,Lodhran,No,24-Nov-24,,0,0,600,,,0,"216,000",,124,1.1371,0.00%,,0,,"131,916","165,912.67","167,110.59","188,772.48","191,602.88","200,205.60","205,808.85","205,808.85","205,808.85","205,808.85","205,808.85","205,808.85","205,808.85","205,808.85","205,808.85","205,808.85","205,808.85","205,808.85",6174.2655,,,
62,Farm_4,LSS-7847,,,24-Jul-24,24-Jul-24,Desi Cross,Red White,Milk,Ludan,"59,000","4,687",130,130,453.85,122,-6.15%,15,22-Aug-24,156,29,34,1.1724,24-Sep-24,192,62,70,1.129,,,,,0,,,,,0,,,,,0,,,,,0,,,,,0,,,,,0,,,,,0,24-Jul-24,Ivermectin,4,26-Jul-24,FMD,,,DEWORMING,40,,HS,2,8-Mar-24,BQ,2,8/7/2024,LUMPY,2,,,,214,16-Oct-24,0,SK,Raiwand,No,17-Oct-24,103,0,0,"1,110","6,500","2,794","114,330","118,036",,85,1.0824,48.13%,,0,,"63,687","91,663.90","113,404.70","114,186.24","134,232.70","134,232.70","134,232.70","134,232.70","134,232.70","134,232.70","134,232.70","134,232.70","134,232.70","134,232.70","134,232.70","134,232.70","134,232.70","134,232.70",4026.981,,,
63,Farm_4,LSS-7866,,,24-Jul-24,24-Jul-24,Desi Cross,Black,Milk,Ludan,"58,500","4,687",130,130,450,124,-4.62%,15,22-Aug-24,149,29,25,0.8621,24-Sep-24,168,62,44,0.7097,24-Oct-24,214,92,90,0.9783,,,,,0,,,,,0,,,,,0,,,,,0,,,,,0,,,,,0,24-Jul-24,Ivermectin,4,26-Jul-24,FMD,,,DEWORMING,40,,HS,2,8-Mar-24,BQ,2,8/7/2024,LUMPY,2,,,,216,27-Oct-24,0,SK,Raiwand,No,28-Oct-24,98,0,0,"1,100","6,500","3,042","107,800","111,258",,96,0.9583,45.37%,,0,,"63,187","85,402.66","109,291.57","99,912.96","119,977.90","119,977.90","119,977.90","119,977.90","119,977.90","119,977.90","119,977.90","119,977.90","119,977.90","119,977.90","119,977.90","119,977.90","119,977.90","119,977.90",3599.337,,,
64,Farm_4,LSS-7848,,,24-Jul-24,24-Jul-24,Desi Cross,White,Milk,Ludan,"50,000","4,687",115,115,434.78,115,0.00%,15,22-Aug-24,143,29,28,0.9655,24-Sep-24,157,62,42,0.6774,24-Oct-24,149,92,34,0.3696,,,,,0,,,,,0,,,,,0,,,,,0,,,,,0,,,,,0,24-Jul-24,Ivermectin,4,26-Jul-24,FMD,,,DEWORMING,40,,HS,2,8-Mar-24,BQ,2,8/7/2024,LUMPY,2,,,,139,14-Nov-24,"110,000",Irfan,,No,15-Nov-24,,0,0,,,,0,"110,000",,114,0.2105,0.00%,,0,,"54,687","81,963.62","105,766.04","93,371.04","110,354.07","82,510.24","82,510.24","82,510.24","82,510.24","82,510.24","82,510.24","82,510.24","82,510.24","82,510.24","82,510.24","82,510.24","82,510.24","82,510.24",2475.3072,,,
65,Farm_4,LSS-7810,,,24-Jul-24,24-Jul-24,Desi,Red,Milk,Ludan,"73,500","4,687",155,155,474.19,147,-5.16%,15,22-Aug-24,179,29,32,1.1034,24-Sep-24,213,62,66,1.0645,,,,,0,,,,,0,,,,,0,,,,,0,,,,,0,,,,,0,,,,,0,24-Jul-24,Ivermectin,4,26-Jul-24,FMD,,,DEWORMING,40,,HS,2,8-Mar-24,BQ,2,8/7/2024,LUMPY,2,,,,211,5-Oct-24,0,SK,Raiwand,Yes,6-Oct-24,106,22,630,"1,110","5,400","2,723","107,100","109,777",,74,0.8649,50.24%,,0,,"78,187","105,178.45","130,384.12","130,194.12","130,194.12","130,194.12","130,194.12","130,194.12","130,194.12","130,194.12","130,194.12","130,194.12","130,194.12","130,194.12","130,194.12","130,194.12","130,194.12","130,194.12",3905.8236,,,
66,Farm_4,LSS-7794,,,24-Jul-24,24-Jul-24,Desi Cross,Red,Milk,Ludan,"58,500","4,687",130,130,450,130,0.00%,15,22-Aug-24,155,29,25,0.8621,24-Sep-24,180,62,50,0.8065,,,,,0,,,,,0,,,,,0,,,,,0,,,,,0,,,,,0,,,,,0,24-Jul-24,Ivermectin,4,26-Jul-24,FMD,,,DEWORMING,40,,HS,2,8-Mar-24,BQ,2,8/7/2024,LUMPY,2,,,,197,5-Oct-24,0,SK,Raiwand,Yes,6-Oct-24,97,20,630,"1,110","5,400","2,542","98,070","100,928",,74,0.9054,49.24%,,0,,"63,187","91,076.31","112,817.11","107,049.60","107,049.60","107,049.60","107,049.60","107,049.60","107,049.60","107,049.60","107,049.60","107,049.60","107,049.60","107,049.60","107,049.60","107,049.60","107,049.60","107,049.60",3211.488,,,
67,Farm_4,LSS-7828,,,24-Jul-24,24-Jul-24,Desi Cross,Red,Milk,Ludan,"53,000","4,687",120,120,441.67,112,-6.67%,15,22-Aug-24,141,29,29,1,24-Sep-24,174,62,62,1,23-Oct-24,218,91,106,1.1648,,,,,0,,,,,0,,,,,0,,,,,0,,,,,0,,,,,0,24-Jul-24,Ivermectin,4,26-Jul-24,FMD,,,DEWORMING,40,,HS,2,8-Mar-24,BQ,2,8/7/2024,LUMPY,2,,,,221,27-Oct-24,0,SK,Raiwand,Yes,28-Oct-24,99,22,900,"1,100","6,500","3,112","104,500","107,888",,96,1.1354,44.80%,,0,,"57,687","80,817.28","104,590.86","103,481.28","123,541.60","123,541.60","123,541.60","123,541.60","123,541.60","123,541.60","123,541.60","123,541.60","123,541.60","123,541.60","123,541.60","123,541.60","123,541.60","123,541.60",3706.248,,,
68,Farm_4,LSS-7845,,,24-Jul-24,24-Jul-24,Desi Cross,Red,Milk,Ludan,"54,000","4,687",120,120,450,113,-5.83%,15,22-Aug-24,138,29,25,0.8621,24-Sep-24,168,62,55,0.8871,24-Oct-24,205,92,92,1,,,,,0,,,,,0,,,,,0,,,,,0,,,,,0,,,,,0,24-Jul-24,Ivermectin,4,26-Jul-24,FMD,,,DEWORMING,40,,HS,2,8-Mar-24,BQ,2,8/7/2024,LUMPY,2,,,,207,27-Oct-24,0,SK,Raiwand,No,28-Oct-24,105,0,0,"1,100","6,500","2,915","115,500","119,085",,96,0.9792,50.72%,,0,,"58,687","79,097.76","102,828.09","99,912.96","119,977.90","119,977.90","119,977.90","119,977.90","119,977.90","119,977.90","119,977.90","119,977.90","119,977.90","119,977.90","119,977.90","119,977.90","119,977.90","119,977.90",3599.337,,,
69,Farm_4,LSS-7826,,,24-Jul-24,24-Jul-24,Desi Cross,Red,Milk,Ludan,"48,000","4,687",110,110,436.36,106,-3.64%,15,22-Aug-24,139,29,33,1.1379,24-Sep-24,169,62,63,1.0161,24-Oct-24,216,92,110,1.1957,,,,,0,,,,,0,,,,,0,,,,,0,,,,,0,,,,,0,24-Jul-24,Ivermectin,4,26-Jul-24,FMD,,,DEWORMING,40,,HS,2,8-Mar-24,BQ,2,8/7/2024,LUMPY,2,,,,218,27-Oct-24,0,SK,Raiwand,Yes,28-Oct-24,99,24,900,"1,100","6,500","3,070","104,100","107,530",,96,1.1667,45.41%,,0,,"52,687","79,670.94","103,415.68","100,507.68","120,571.85","120,571.85","120,571.85","120,571.85","120,571.85","120,571.85","120,571.85","120,571.85","120,571.85","120,571.85","120,571.85","120,571.85","120,571.85","120,571.85",3617.1555,,,
70,Farm_1,LSS-7527,,,25-Jul-24,25-Jul-24,Dasi Cross,W/B...,Milk Teeth,Karor Lal Esan,"61,105",0,121,121,505,121,0.00%,15,27-Aug-24,156,33,35,1.0606,25-Sep-24,186,62,65,1.0484,,,,,0,,,,,0,,,,,0,,,,,0,,,,,0,,,,,0,,,,,0,25-Jul-24,Deworming,30,25-Jul-24,Ivermectin,,26-Jul-24,FMD,2,27-Jul-24,HS,2,,,,,,,,,,188,12-Oct-24,,SK LiveStock,Raiwind,Yes,13-Oct-24,88,22,600,"1,115","4,500",740,"86,790","90,550",,80,0.8375,46.81%,,0,,"61,105","91,663.90","113,404.70","110,617.92","110,617.92","110,617.92","110,617.92","110,617.92","110,617.92","110,617.92","110,617.92","110,617.92","110,617.92","110,617.92","110,617.92","110,617.92","110,617.92","110,617.92",3318.5376,,,
71,Farm_1,LSS-7571,,,25-Jul-24,25-Jul-24,Friesian Cross,Black,Milk Teeth,Karor Lal Esan,"92,920",0,184,184,505,184,0.00%,15,27-Aug-24,188,33,4,0.1212,25-Sep-24,196,62,12,0.1935,23-Oct-24,268,90,84,0.9333,,,,,0,,,,,0,,,,,0,,,,,0,,,,,0,,,,,0,25-Jul-24,Deworming,30,25-Jul-24,Ivermectin,,26-Jul-24,FMD,2,27-Jul-24,HS,2,,,,,,,,,,263,18-Nov-24,0,SK LiveStock,Raiwind,No,21-Nov-24,137,0,0,"1,100","5,500",673,"150,700","155,527",,117,0.6752,52.09%,,0,,"92,920","110,466.75","135,816.80","116,565.12","128,887.15","157,809.12","163,125.72","163,125.72","163,125.72","163,125.72","163,125.72","163,125.72","163,125.72","163,125.72","163,125.72","163,125.72","163,125.72","163,125.72",4893.7716,,,
72,Farm_1,LSS-7581,,,25-Jul-24,25-Jul-24,Dasi Cross,RED,Milk Teeth,Karor Lal Esan,"60,095",0,119,119,505,119,0.00%,15,27-Aug-24,150,33,31,0.9394,25-Sep-24,178,62,59,0.9516,,,,,0,,,,,0,,,,,0,,,,,0,,,,,0,,,,,0,,,,,0,25-Jul-24,Deworming,30,25-Jul-24,Ivermectin,,26-Jul-24,FMD,2,27-Jul-24,HS,2,,,,,,,,,,200,12-Oct-24,,SK LiveStock,Raiwind,Yes,13-Oct-24,95,22,700,"1,115","4,500","1,872","96,795","99,423",,80,1.0125,47.50%,,0,,"60,095","85,975.83","109,879.16","105,860.16","105,860.16","105,860.16","105,860.16","105,860.16","105,860.16","105,860.16","105,860.16","105,860.16","105,860.16","105,860.16","105,860.16","105,860.16","105,860.16","105,860.16",3175.8048,,,
73,Farm_1,LSS-7583,,,25-Jul-24,25-Jul-24,Friesian Cross,Brown,Milk Teeth,Karor Lal Esan,"62,620",0,124,124,505,124,0.00%,15,27-Aug-24,132,33,8,0.2424,25-Sep-24,151,62,27,0.4355,23-Oct-24,165,90,41,0.4556,,,,,0,,,,,0,,,,,0,,,,,0,,,,,0,,,,,0,25-Jul-24,Deworming,30,25-Jul-24,Ivermectin,,26-Jul-24,FMD,2,27-Jul-24,HS,2,,,,,,,,,,172,28-Oct-24,0,SK LiveStock,Raiwind,No,29-Oct-24,85,0,0,"1,100","4,500",591,"93,500","97,409",,96,0.5,49.42%,,0,,"62,620","75,658.73","99,302.56","89,802.72","99,376.44","99,376.44","99,376.44","99,376.44","99,376.44","99,376.44","99,376.44","99,376.44","99,376.44","99,376.44","99,376.44","99,376.44","99,376.44","99,376.44",2981.2932,,,
74,Farm_1,LSS-7589,,,25-Jul-24,25-Jul-24,Friesian Cross,Black,Milk Teeth,Karor Lal Esan,"61,105",0,121,121,505,121,0.00%,15,27-Aug-24,117,33,-4,-0.1212,25-Sep-24,142,62,21,0.3387,23-Oct-24,168,90,47,0.5222,,,,,0,,,,,0,,,,,0,,,,,0,,,,,0,,,,,0,25-Jul-24,Deworming,30,25-Jul-24,Ivermectin,,26-Jul-24,FMD,2,27-Jul-24,HS,2,,,,,,,,,,209,27-Oct-24,0,SK LiveStock,Raiwind,No,7-Nov-24,94,0,0,"1,100","4,500",0,"103,400","107,900",,95,0.9263,44.98%,,0,,"61,105","67,061.15","90,488.72","82,392.66","94,176.51","96,124.56","96,124.56","96,124.56","96,124.56","96,124.56","96,124.56","96,124.56","96,124.56","96,124.56","96,124.56","96,124.56","96,124.56","96,124.56",2883.7368,,,
75,Farm_1,LSS-7676,,,25-Jul-24,25-Jul-24,Friesian Cross,B/W,Milk Teeth,Karor Lal Esan,"51,510",0,102,102,505,102,0.00%,15,27-Aug-24,126,33,24,0.7273,25-Sep-24,158,62,56,0.9032,23-Oct-24,186,90,84,0.9333,27-Nov-24,190,125,88,0.704,,,,,0,,,,,0,,,,,0,,,,,0,,,,,0,25-Jul-24,Deworming,30,25-Jul-24,Ivermectin,,26-Jul-24,FMD,2,27-Jul-24,HS,2,,,,,,,,,,155,3-Oct-24,"86,025",,Mandi,No,3-Oct-24,,0,0,,,,0,"86,025",,71,0.7465,0.00%,,0,,"51,510","72,219.70","95,777.02","93,965.76","93,965.76","93,965.76","93,965.76","93,965.76","93,965.76","93,965.76","93,965.76","93,965.76","93,965.76","93,965.76","93,965.76","93,965.76","93,965.76","93,965.76",2818.9728,,,
76,Farm_1,LSS-7536,,,25-Jul-24,25-Jul-24,Friesian Cross,Black,Milk Teeth,Karor Lal Esan,"72,215",0,143,143,505,143,0.00%,15,27-Aug-24,180,33,37,1.1212,25-Sep-24,209,62,66,1.0645,,,,,0,,,,,0,,,,,0,,,,,0,,,,,0,,,,,0,,,,,0,25-Jul-24,Deworming,30,25-Jul-24,Ivermectin,,26-Jul-24,FMD,2,27-Jul-24,HS,2,,,,,,,,,,216,12-Oct-24,,SK LiveStock,Raiwind,Yes,13-Oct-24,112,27,600,"1,115","5,000",850,"110,975","115,125",,80,0.9125,51.85%,,0,,"72,215","105,766.04","130,987.75","127,749.16","127,749.16","127,749.16","127,749.16","127,749.16","127,749.16","127,749.16","127,749.16","127,749.16","127,749.16","127,749.16","127,749.16","127,749.16","127,749.16","127,749.16",3832.4748,,,
77,Farm_1,LSS-7585,,,25-Jul-24,25-Jul-24,Friesian Cross,Brown,Milk Teeth,Karor Lal Esan,"55,550",0,110,110,505,110,0.00%,15,27-Aug-24,140,33,30,0.9091,25-Sep-24,167,62,57,0.9194,,,,,0,,,,,0,,,,,0,,,,,0,,,,,0,,,,,0,,,,,0,25-Jul-24,Deworming,30,25-Jul-24,Ivermectin,,26-Jul-24,FMD,2,27-Jul-24,HS,2,,,,,,,,,,200,12-Oct-24,,SK LiveStock,Raiwind,Yes,13-Oct-24,93,22,700,"1,115","4,500","1,685","94,565","97,380",,80,1.125,46.50%,,0,,"55,550","80,244.11","104,003.27","99,318.24","99,318.24","99,318.24","99,318.24","99,318.24","99,318.24","99,318.24","99,318.24","99,318.24","99,318.24","99,318.24","99,318.24","99,318.24","99,318.24","99,318.24",2979.5472,,,
78,Farm_1,LSS-7714,,,25-Jul-24,25-Jul-24,Friesian Cross,Black,Milk Teeth,Karor Lal Esan,"75,750",0,150,150,505,150,0.00%,15,27-Aug-24,165,33,15,0.4545,25-Sep-24,189,62,39,0.629,23-Oct-24,207,90,57,0.6333,,,,,0,,,,,0,,,,,0,,,,,0,,,,,0,,,,,0,25-Jul-24,Deworming,30,25-Jul-24,Ivermectin,,26-Jul-24,FMD,2,27-Jul-24,HS,2,,,,,,,,,,222,27-Oct-24,0,SK LiveStock,Raiwind,No,28-Oct-24,108,0,0,"1,100","5,000","2,207","118,800","121,593",,95,0.7579,48.65%,,0,,"75,750","96,952.20","121,933.30","112,402.08","124,729.50","124,729.50","124,729.50","124,729.50","124,729.50","124,729.50","124,729.50","124,729.50","124,729.50","124,729.50","124,729.50","124,729.50","124,729.50","124,729.50",3741.885,,,
79,Farm_1,LSS-7580,,,25-Jul-24,25-Jul-24,Friesian Cross,Black,Milk Teeth,Karor Lal Esan,"82,820",0,164,164,505,164,0.00%,15,27-Aug-24,201,33,37,1.1212,25-Sep-24,229,62,65,1.0484,,,,,0,,,,,0,,,,,0,,,,,0,,,,,0,,,,,0,,,,,0,25-Jul-24,Deworming,30,25-Jul-24,Ivermectin,,26-Jul-24,FMD,2,27-Jul-24,HS,2,,,,,,,,,,248,12-Oct-24,,SK LiveStock,Raiwind,Yes,13-Oct-24,120,30,600,"1,115","5,000",976,"118,350","122,374",,80,1.05,48.39%,,0,,"82,820","121,329.67","143,663.99","139,973.96","139,973.96","139,973.96","139,973.96","139,973.96","139,973.96","139,973.96","139,973.96","139,973.96","139,973.96","139,973.96","139,973.96","139,973.96","139,973.96","139,973.96",4199.2188,,,
80,Farm_1,LSS-7586,,,25-Jul-24,25-Jul-24,Friesian Cross,Brown,Milk Teeth,Karor Lal Esan,"60,095",0,119,119,505,119,0.00%,15,27-Aug-24,133,33,14,0.4242,25-Sep-24,164,62,45,0.7258,23-Oct-24,203,90,84,0.9333,,,,,0,,,,,0,,,,,0,,,,,0,,,,,0,,,,,0,25-Jul-24,Deworming,30,25-Jul-24,Ivermectin,,26-Jul-24,FMD,2,27-Jul-24,HS,2,,,,,,,,,,218,1-Nov-24,0,SK LiveStock,Raiwind,No,2-Nov-24,135,0,0,"1,100","4,500",803,"148,500","152,197",,100,0.99,61.93%,,0,,"60,095","76,231.90","99,890.15","97,534.08","106,887.45","119,603.54","119,603.54","119,603.54","119,603.54","119,603.54","119,603.54","119,603.54","119,603.54","119,603.54","119,603.54","119,603.54","119,603.54","119,603.54",3588.1062,,,
81,Farm_1,LSS-7519,,,25-Jul-24,25-Jul-24,Friesian Cross,B/W,Milk Teeth,Karor Lal Esan,"66,155",0,131,131,505,131,0.00%,15,27-Aug-24,166,33,35,1.0606,25-Sep-24,198,62,67,1.0806,,,,,0,,,,,0,,,,,0,,,,,0,,,,,0,,,,,0,,,,,0,25-Jul-24,Deworming,30,25-Jul-24,Ivermectin,,26-Jul-24,FMD,2,27-Jul-24,HS,2,,,,,,,,,,212,12-Oct-24,,SK LiveStock,Raiwind,No,13-Oct-24,105,0,0,"1,115","5,000","1,984","117,075","120,091",,80,1.0125,49.53%,,0,,"66,155","97,539.79","122,536.93","117,754.56","117,754.56","117,754.56","117,754.56","117,754.56","117,754.56","117,754.56","117,754.56","117,754.56","117,754.56","117,754.56","117,754.56","117,754.56","117,754.56","117,754.56",3532.6368,,,
82,Farm_1,LSS-7510,,,25-Jul-24,25-Jul-24,Friesian Cross,Black,Milk Teeth,Karor Lal Esan,"64,640",0,128,128,505,128,0.00%,15,27-Aug-24,160,33,32,0.9697,25-Sep-24,167,62,39,0.629,23-Oct-24,188,90,60,0.6667,,,,,0,,,,,0,,,,,0,,,,,0,,,,,0,,,,,0,25-Jul-24,Deworming,30,25-Jul-24,Ivermectin,,26-Jul-24,FMD,2,27-Jul-24,HS,2,,,,,,,,,,190,27-Oct-24,0,SK LiveStock,Raiwind,No,28-Oct-24,85,0,0,"1,100","4,500","1,889","93,500","96,111",,95,0.6526,44.74%,,0,,"64,640","94,014.26","115,755.05","99,318.24","108,620.76","108,620.76","108,620.76","108,620.76","108,620.76","108,620.76","108,620.76","108,620.76","108,620.76","108,620.76","108,620.76","108,620.76","108,620.76","108,620.76",3258.6228,,,
83,Farm_1,LSS-7582,,,25-Jul-24,25-Jul-24,Friesian Cross,B/W,Milk Teeth,Karor Lal Esan,"73,730",0,146,146,505,146,0.00%,15,27-Aug-24,157,33,11,0.3333,25-Sep-24,176,62,30,0.4839,23-Oct-24,220,90,74,0.8222,,,,,0,,,,,0,,,,,0,,,,,0,,,,,0,,,,,0,25-Jul-24,Deworming,30,25-Jul-24,Ivermectin,,26-Jul-24,FMD,2,27-Jul-24,HS,2,,,,,,,,,,235,1-Nov-24,0,SK LiveStock,Raiwind,No,2-Nov-24,121,0,0,"1,100","4,500",803,"133,100","136,797",,100,0.89,51.49%,,0,,"73,730","92,251.49","113,992.29","104,670.72","113,820.69","129,619.60","129,619.60","129,619.60","129,619.60","129,619.60","129,619.60","129,619.60","129,619.60","129,619.60","129,619.60","129,619.60","129,619.60","129,619.60",3888.588,,,
84,Farm_1,LSS-7705,,,25-Jul-24,25-Jul-24,Friesian Cross,B/W,Milk Teeth,Karor Lal Esan,"59,590",0,118,118,505,118,0.00%,15,27-Aug-24,136,33,18,0.5455,25-Sep-24,164,62,46,0.7419,23-Oct-24,193,90,75,0.8333,,,,,0,,,,,0,,,,,0,,,,,0,,,,,0,,,,,0,25-Jul-24,Deworming,30,25-Jul-24,Ivermectin,,26-Jul-24,FMD,2,27-Jul-24,HS,2,,,,,,,,,,208,1-Nov-24,0,SK LiveStock,Raiwind,No,2-Nov-24,115,0,0,"1,100","4,500",803,"126,500","130,197",,100,0.9,55.29%,,0,,"59,590","77,951.42","101,652.91","97,534.08","106,887.45","110,428.81","110,428.81","110,428.81","110,428.81","110,428.81","110,428.81","110,428.81","110,428.81","110,428.81","110,428.81","110,428.81","110,428.81","110,428.81",3312.8643,,,
85,Farm_1,LSS-7537,,,25-Jul-24,25-Jul-24,Friesian Cross,W/B.....,Milk Teeth,Karor Lal Esan,"46,460",0,92,92,505,92,0.00%,15,27-Aug-24,126,33,34,1.0303,25-Sep-24,149,62,57,0.9194,,,,,0,,,,,0,,,,,0,,,,,0,,,,,0,,,,,0,,,,,0,25-Jul-24,Deworming,30,25-Jul-24,Ivermectin,,26-Jul-24,FMD,2,27-Jul-24,HS,2,,,,,,,,,,161,12-Oct-24,,SK LiveStock,Raiwind,Yes,13-Oct-24,81,17,700,"1,115","4,500","1,507","83,260","86,253",,80,0.8625,50.31%,,0,,"46,460","72,219.70","95,777.02","86,454.27","86,454.27","86,454.27","86,454.27","86,454.27","86,454.27","86,454.27","86,454.27","86,454.27","86,454.27","86,454.27","86,454.27","86,454.27","86,454.27","86,454.27",2593.6281,,,
86,Farm_1,LSS-7539,,,25-Jul-24,25-Jul-24,Friesian Cross,Black,Milk Teeth,Karor Lal Esan,"52,015",0,103,103,505,103,0.00%,15,27-Aug-24,137,33,34,1.0303,25-Sep-24,169,62,66,1.0645,,,,,0,,,,,0,,,,,0,,,,,0,,,,,0,,,,,0,,,,,0,25-Jul-24,Deworming,30,25-Jul-24,Ivermectin,,26-Jul-24,FMD,2,27-Jul-24,HS,2,,,,,,,,,,175,12-Oct-24,,SK LiveStock,Raiwind,No,13-Oct-24,86,0,0,"1,115","4,500","1,638","95,890","98,752",,80,0.9,49.14%,,0,,"52,015","78,524.59","102,240.50","100,507.68","100,507.68","100,507.68","100,507.68","100,507.68","100,507.68","100,507.68","100,507.68","100,507.68","100,507.68","100,507.68","100,507.68","100,507.68","100,507.68","100,507.68",3015.2304,,,
87,Farm_1,LSS-7584,,,25-Jul-24,25-Jul-24,Dasi Cross,B/W....,Milk Teeth,Karor Lal Esan,"77,770",0,154,154,505,154,0.00%,15,27-Aug-24,179,33,25,0.7576,25-Sep-24,204,62,50,0.8065,23-Oct-24,219,90,65,0.7222,,,,,0,,,,,0,,,,,0,,,,,0,,,,,0,,,,,0,25-Jul-24,Deworming,30,25-Jul-24,Ivermectin,,26-Jul-24,FMD,2,27-Jul-24,HS,2,,,,,,,,,,218,28-Oct-24,0,SK LiveStock,Raiwind,No,29-Oct-24,110,0,0,"1,100","5,000",749,"121,000","125,251",,96,0.6667,50.46%,,0,,"77,770","105,178.45","130,384.12","124,692.96","133,638.75","133,638.75","133,638.75","133,638.75","133,638.75","133,638.75","133,638.75","133,638.75","133,638.75","133,638.75","133,638.75","133,638.75","133,638.75","133,638.75",4009.1625,,,
88,Farm_1,LSS-7711,,,25-Jul-24,25-Jul-24,Friesian Cross,Black,Milk Teeth,Karor Lal Esan,"58,580",0,116,116,505,116,0.00%,15,27-Aug-24,155,33,39,1.1818,25-Sep-24,178,62,62,1,,,,,0,,,,,0,,,,,0,,,,,0,,,,,0,,,,,0,,,,,0,25-Jul-24,Deworming,30,25-Jul-24,Ivermectin,,26-Jul-24,FMD,2,27-Jul-24,HS,2,,,,,,,,,,191,12-Oct-24,,SK LiveStock,Raiwind,No,13-Oct-24,93,0,0,"1,115","4,500","1,787","103,695","106,408",,80,0.9375,48.69%,,0,,"58,580","91,076.31","112,817.11","105,860.16","105,860.16","105,860.16","105,860.16","105,860.16","105,860.16","105,860.16","105,860.16","105,860.16","105,860.16","105,860.16","105,860.16","105,860.16","105,860.16","105,860.16",3175.8048,,,
89,Farm_1,LSS-7526,,,25-Jul-24,25-Jul-24,Friesian Cross,Black,Milk Teeth,Karor Lal Esan,"66,660",0,132,132,505,132,0.00%,15,27-Aug-24,158,33,26,0.7879,25-Sep-24,180,62,48,0.7742,23-Oct-24,210,90,78,0.8667,,,,,0,,,,,0,,,,,0,,,,,0,,,,,0,,,,,0,25-Jul-24,Deworming,30,25-Jul-24,Ivermectin,,26-Jul-24,FMD,2,27-Jul-24,HS,2,,,,,,,,,,201,28-Oct-24,0,SK LiveStock,Raiwind,No,29-Oct-24,104,0,0,"1,100","5,000",690,"114,400","118,710",,96,0.7188,51.74%,,0,,"66,660","92,839.08","114,579.87","107,049.60","119,383.95","119,383.95","119,383.95","119,383.95","119,383.95","119,383.95","119,383.95","119,383.95","119,383.95","119,383.95","119,383.95","119,383.95","119,383.95","119,383.95",3581.5185,,,
90,Farm_1,LSS-7570,,,25-Jul-24,25-Jul-24,Friesian Cross,B/W,Milk Teeth,Karor Lal Esan,"75,245",0,149,149,505,149,0.00%,15,27-Aug-24,191,33,42,1.2727,25-Sep-24,214,62,65,1.0484,,,,,0,,,,,0,,,,,0,,,,,0,,,,,0,,,,,0,,,,,0,25-Jul-24,Deworming,30,25-Jul-24,Ivermectin,,26-Jul-24,FMD,2,27-Jul-24,HS,2,,,,,,,,,,235,12-Oct-24,,SK LiveStock,Raiwind,No,13-Oct-24,112,0,0,"1,115","5,000",925,"124,880","128,955",,80,1.075,47.66%,,0,,"75,245","112,229.52","137,627.69","130,805.36","130,805.36","130,805.36","130,805.36","130,805.36","130,805.36","130,805.36","130,805.36","130,805.36","130,805.36","130,805.36","130,805.36","130,805.36","130,805.36","130,805.36",3924.1608,,,
91,Farm_1,LSS-7577,,,25-Jul-24,25-Jul-24,Friesian Cross,Black,Milk Teeth,Karor Lal Esan,"82,315",0,163,163,505,163,0.00%,15,27-Aug-24,189,33,26,0.7879,25-Sep-24,222,62,59,0.9516,,,,,0,,,,,0,,,,,0,,,,,0,,,,,0,,,,,0,,,,,0,25-Jul-24,Deworming,30,25-Jul-24,Ivermectin,,26-Jul-24,FMD,2,27-Jul-24,HS,2,,,,,,,,,,231,12-Oct-24,,SK LiveStock,Raiwind,No,13-Oct-24,118,0,0,"1,115","5,000",909,"131,570","135,661",,80,0.85,51.08%,,0,,"82,315","111,054.34","136,420.43","135,695.28","135,695.28","135,695.28","135,695.28","135,695.28","135,695.28","135,695.28","135,695.28","135,695.28","135,695.28","135,695.28","135,695.28","135,695.28","135,695.28","135,695.28",4070.8584,,,
92,Farm_3,LSS-8225,,,25-Jul-24,25-Jul-24,Desi-cross (Dx),Brown,Milk Teeth (MT),Farm Gate,"84,150",0,165,165,510,165,0.00%,15,23-Aug-24,202,29,37,1.2759,25-Sep-24,,62,,0,,,,,0,,,,,0,0,0,,,,,,,,0,,,,,0,,,,,0,,,,,0,22-Jun-24,Ivermectin (Iverbar 2 %),1.5,23-Jun-24,ARRIAH FMD Russia,2,2-Jul-24,Clostri Vax,5,2-Jul-24,Neobacterina (HS),2,22-Jun-24,Zolirec (Dewormer) 20ml/Animal,20,,,,,,,218,18-Sep-24,,SK LiveStock,Raiwind,No,19-Sep-24,108,0,0,"1,115","5,000","2,487","120,420","122,933",,56,0.9464,49.54%,,0,,"84,150","121,933.30","140,042.21","140,042.21","140,042.21","140,042.21","140,042.21","140,042.21","140,042.21","140,042.21","140,042.21","140,042.21","140,042.21","140,042.21","140,042.21","140,042.21","140,042.21","140,042.21",4201.2663,,,
93,Farm_3,LSS-8235,,,25-Jul-24,25-Jul-24,Dx,Brown,MT,Farm Gate,"64,770",0,127,127,510,127,0.00%,15,26-Aug-24,151,32,24,0.75,25-Sep-24,,62,,0,,,,,0,,,,,0,0,0,,,,,,,,0,,,,,0,,,,,0,,,,,0,22-Jun-24,Ivermectin (Iverbar 2 %),1.5,23-Jun-24,ARRIAH FMD Russia,2,2-Jul-24,Clostri Vax,5,2-Jul-24,Neobacterina (HS),2,22-Jun-24,Zolirec (Dewormer) 20ml/Animal,20,,,,,,,165,3-Sep-24,,SK LiveStock,Raiwind,No,5-Sep-24,77,0,0,,"5,276","2,907","85,855","88,224",,41,0.9268,46.67%,,0,,"64,770","88,725.95","88,725.95","88,725.95","88,725.95","88,725.95","88,725.95","88,725.95","88,725.95","88,725.95","88,725.95","88,725.95","88,725.95","88,725.95","88,725.95","88,725.95","88,725.95","88,725.95",2661.7785,,,
94,Farm_3,LSS-8254,,,25-Jul-24,25-Jul-24,Dx,Black & White,MT,Farm Gate,"72,930",0,143,143,510,143,0.00%,15,26-Aug-24,172,32,29,0.9063,25-Sep-24,,62,,0,,,,,0,,,,,0,0,0,,,,,,,,0,,,,,0,,,,,0,,,,,0,22-Jun-24,Ivermectin (Iverbar 2 %),1.5,23-Jun-24,ARRIAH FMD Russia,2,2-Jul-24,Clostri Vax,5,2-Jul-24,Neobacterina (HS),2,22-Jun-24,Zolirec (Dewormer) 20ml/Animal,20,,,,,,,179,3-Sep-24,,SK LiveStock,Raiwind,No,5-Sep-24,90.26,0,0,,"5,276","2,907","100,640","103,009",,41,0.878,50.42%,,0,,"72,930","101,065.33","101,065.33","101,065.33","101,065.33","101,065.33","101,065.33","101,065.33","101,065.33","101,065.33","101,065.33","101,065.33","101,065.33","101,065.33","101,065.33","101,065.33","101,065.33","101,065.33",3031.9599,,,
95,Farm_3,LSS-8146,,,25-Jul-24,25-Jul-24,Dx,Black,MT,Farm Gate,"102,000",0,200,200,510,200,0.00%,15,23-Aug-24,256,29,56,1.931,25-Sep-24,,62,,0,,,,,0,,,,,0,0,0,,,,,,,,0,,,,,0,,,,,0,,,,,0,22-Jun-24,Ivermectin (Iverbar 2 %),1.5,23-Jun-24,ARRIAH FMD Russia,2,2-Jul-24,Clostri Vax,5,2-Jul-24,Neobacterina (HS),2,22-Jun-24,Zolirec (Dewormer) 20ml/Animal,20,,,,,,,243,3-Sep-24,,SK LiveStock,Raiwind,No,5-Sep-24,123.42,0,0,,"5,276","2,907","137,617","139,986",,41,1.0488,50.79%,,0,,"102,000","153,334.45","153,334.45","153,334.45","153,334.45","153,334.45","153,334.45","153,334.45","153,334.45","153,334.45","153,334.45","153,334.45","153,334.45","153,334.45","153,334.45","153,334.45","153,334.45","153,334.45",4600.0335,,,
96,Farm_3,LSS-8229,,,25-Jul-24,25-Jul-24,Dx,Brown & White,MT,Farm Gate,"86,700",0,170,170,510,170,0.00%,15,26-Aug-24,204,32,34,1.0625,25-Sep-24,,62,,0,,,,,0,,,,,0,0,0,,,,,,,,0,,,,,0,,,,,0,,,,,0,22-Jun-24,Ivermectin (Iverbar 2 %),1.5,23-Jun-24,ARRIAH FMD Russia,2,2-Jul-24,Clostri Vax,5,2-Jul-24,Neobacterina (HS),2,22-Jun-24,Zolirec (Dewormer) 20ml/Animal,20,,,,,,,213,3-Sep-24,,SK LiveStock,Raiwind,No,5-Sep-24,106,0,0,,"5,276","2,907","118,190","120,559",,41,1.0488,49.77%,,0,,"86,700","123,140.56","123,140.56","123,140.56","123,140.56","123,140.56","123,140.56","123,140.56","123,140.56","123,140.56","123,140.56","123,140.56","123,140.56","123,140.56","123,140.56","123,140.56","123,140.56","123,140.56",3694.2168,,,
97,Farm_3,LSS-8215,,,25-Jul-24,25-Jul-24,Dx,White,MT,Farm Gate,"87,210",0,171,171,510,171,0.00%,15,26-Aug-24,184,32,13,0.4063,25-Sep-24,,62,,0,,,,,0,,,,,0,0,0,,,,,,,,0,,,,,0,,,,,0,,,,,0,22-Jun-24,Ivermectin (Iverbar 2 %),1.5,23-Jun-24,ARRIAH FMD Russia,2,2-Jul-24,Clostri Vax,5,2-Jul-24,Neobacterina (HS),2,22-Jun-24,Zolirec (Dewormer) 20ml/Animal,20,,,,,,,204,3-Sep-24,,SK LiveStock,Raiwind,No,5-Sep-24,103.05,0,0,,"5,276","2,907","114,903","117,272",,41,0.8049,50.52%,,0,,"87,210","108,116.39","108,116.39","108,116.39","108,116.39","108,116.39","108,116.39","108,116.39","108,116.39","108,116.39","108,116.39","108,116.39","108,116.39","108,116.39","108,116.39","108,116.39","108,116.39","108,116.39",3243.4917,,,
98,Farm_3,LSS-7864,,,25-Jul-24,25-Jul-24,Dx,Black,MT,Farm Gate,"63,750",0,125,125,510,125,0.00%,15,26-Aug-24,166,32,41,1.2813,25-Sep-24,,62,,0,,,,,0,,,,,0,0,0,,,,,,,,0,,,,,0,,,,,0,,,,,0,22-Jun-24,Ivermectin (Iverbar 2 %),1.5,23-Jun-24,ARRIAH FMD Russia,2,2-Jul-24,Clostri Vax,5,2-Jul-24,Neobacterina (HS),2,22-Jun-24,Zolirec (Dewormer) 20ml/Animal,20,,,,,,,170,3-Sep-24,,SK LiveStock,Raiwind,No,5-Sep-24,82,0,0,,"5,276","2,907","91,430","93,799",,41,1.0976,48.24%,,0,,"63,750","97,539.79","97,539.79","97,539.79","97,539.79","97,539.79","97,539.79","97,539.79","97,539.79","97,539.79","97,539.79","97,539.79","97,539.79","97,539.79","97,539.79","97,539.79","97,539.79","97,539.79",2926.1937,,,
99,Farm_3,LSS-8218,,,25-Jul-24,25-Jul-24,Dx,Black Brown,MT,Farm Gate,"69,360",0,136,136,510,136,0.00%,15,23-Aug-24,177,29,41,1.4138,25-Sep-24,,62,,0,,,,,0,,,,,0,0,0,,,,,,,,0,,,,,0,,,,,0,,,,,0,22-Jun-24,Ivermectin (Iverbar 2 %),1.5,23-Jun-24,ARRIAH FMD Russia,2,2-Jul-24,Clostri Vax,5,2-Jul-24,Neobacterina (HS),2,22-Jun-24,Zolirec (Dewormer) 20ml/Animal,20,,,,,,,186,18-Sep-24,,SK LiveStock,Raiwind,No,19-Sep-24,88,0,0,"1,115","4,500","2,445","98,120","100,175",,56,0.8929,47.31%,,0,,"69,360","104,003.27","124,951.45","124,951.45","124,951.45","124,951.45","124,951.45","124,951.45","124,951.45","124,951.45","124,951.45","124,951.45","124,951.45","124,951.45","124,951.45","124,951.45","124,951.45","124,951.45",3748.5435,,,